AnimalID,Lat,Long
Kill_1,-22.354805,29.067997
Kill_2,-22.298632,29.081531
Kill_3,-22.361036,29.076149
Kill_4,-22.342474,29.166944
Kill_5,-22.328353,29.176185
Kill_6,-22.391149,29.096338
Kill_7,-22.389448,29.193257
Kill_8,-22.348835,29.159088
Kill_9,-22.34704,29.172717
Kill_10,-22.278123,29.101847
Kill_11,-22.300752,29.158616
Kill_12,-22.293516,29.113875
Kill_13,-22.141865,29.127115
Kill_14,-22.223547,29.029913
Kill_15,-22.259952,28.990962
Kill_16,-22.279732,28.996602
Kill_17,-22.270589,28.999343
Kill_18,-22.349658,29.075704
Kill_19,-22.259952,28.990962
Kill_20,-22.261814,29.008784
Kill_21,-22.326274,29.182244
Kill_22,-22.317375,29.199313
Kill_23,-22.372646,29.174646
Kill_24,-22.327136,29.275237
Kill_25,-22.341677,29.203065
Kill_26,-22.323093,29.222123
Kill_27,-22.33195,29.162487
Kill_28,-22.357117,29.06862
Kill_29,-22.370258,29.061972
Kill_30,-22.354856,29.068092
Kill_31,-22.322335,29.064678
Kill_32,-22.291649,29.069348
Kill_33,-22.291574,29.069423
Kill_34,-22.289958,29.122152
Kill_35,-22.298958,29.08129
Kill_36,-22.298632,29.081531
Kill_37,-22.298998,29.081056
Kill_38,-22.287764,29.119937
Kill_39,-22.349414,29.075323
Kill_40,-22.361191,29.07751
Kill_41,-22.327806,29.187418
Kill_42,-22.3253,29.183184
Kill_43,-22.327827,29.197449
Kill_44,-22.33723,29.178363
Kill_45,-22.327255,29.18376
Kill_46,-22.353455,29.166017
Kill_47,-22.326799,29.183127
Kill_48,-22.326712,29.182907
Kill_49,-22.335614,29.17209
Kill_50,-22.385224,29.06842
Kill_51,-22.39082,29.09783
Kill_52,-22.365097,29.093512
Kill_53,-22.336288,29.122831
Kill_54,-22.321118,29.197506
Kill_55,-22.329451,29.174376
Kill_56,-22.333738,29.180427
Kill_57,-22.343611,29.172603
Kill_58,-22.339914,29.169549
Kill_59,-22.348846,29.166016
Kill_60,-22.348853,29.165997
Kill_61,-22.370365,29.167818
Kill_62,-22.389226,29.193479
Kill_63,-22.389426,29.193337
Kill_64,-22.346065,29.111557
Kill_65,-22.338896,29.099782
Kill_66,-22.360228,29.075977
Kill_67,-22.357112,29.142494
Kill_68,-22.345719,29.128184
Kill_69,-22.354925,29.136588
Kill_70,-22.335174,29.074423
Kill_71,-22.318212,29.200659
Kill_72,-22.338713,29.193547
Kill_73,-22.353749,29.165488
Kill_74,-22.347093,29.172701
Kill_75,-22.345307,29.173128
Kill_76,-22.346058,29.153984
Kill_77,-22.320824,29.11514
Kill_78,-22.327527,29.08362
Kill_79,-22.29127,29.080119
Kill_80,-22.324273,29.09477
Kill_81,-22.325885,29.090173
Kill_82,-22.318553,29.105435
Kill_83,-22.337164,29.141077
Kill_84,-22.345567,29.136576
Kill_85,-22.346664,29.145688
Kill_86,-22.353627,29.123762
Kill_87,-22.348283,29.097588
Kill_88,-22.308527,29.076541
Kill_89,-22.329644,29.137544
Kill_90,-22.346767,29.189392
Kill_91,-22.327202,29.144064
Kill_92,-22.302496,29.108352
Kill_93,-22.289421,29.123085
Kill_94,-22.283187,29.096173
Kill_95,-22.278162,29.100965
Kill_96,-22.278074,29.101803
Kill_97,-22.282872,29.108687
Kill_98,-22.32865,29.135347
Kill_99,-22.328681,29.135426
Kill_100,-22.343268,29.087449
Kill_101,-22.289566,29.104915
Kill_102,-22.290494,29.12411
Kill_103,-22.296443,29.146125
Kill_104,-22.286941,29.109421
Kill_105,-22.309727,29.156618
Kill_106,-22.312182,29.13267
Kill_107,-22.305418,29.106504
Kill_108,-22.302764,29.163182
Kill_109,-22.302857,29.163155
Kill_110,-22.29924,29.152593
Kill_111,-22.290659,29.10772
Kill_112,-22.322782,29.133775
Kill_113,-22.29364,29.176755
Kill_114,-22.292934,29.17633
Kill_115,-22.294582,29.072648
Kill_116,-22.322478,29.1341
Kill_117,-22.291006,29.112633
Kill_118,-22.32258,29.074419
Kill_119,-22.323448,29.074085
Kill_120,-22.33323,29.095422
Kill_121,-22.288996,29.116155
Kill_122,-22.376566,29.148263
Kill_123,-22.376543,29.148269
Kill_124,-22.37654,29.148215
Kill_125,-22.376531,29.148271
Kill_126,-22.376551,29.14838
Kill_127,-22.376624,29.14836
Kill_128,-22.37654,29.148306
Kill_129,-22.376559,29.148333
Kill_130,-22.376536,29.148309
Kill_131,-22.376554,29.148322
Kill_132,-22.194682,29.439628
Kill_133,-22.192192,29.441337
Kill_134,-22.217773,29.454828
Kill_135,-22.19928,29.442373
Kill_136,-22.191754,29.439677
Kill_137,-22.196238,29.439945
Kill_138,-22.198541,29.443783
Kill_139,-22.198012,29.441384
Kill_140,-22.200234,29.40069
Kill_141,-22.206262,29.411747
Kill_142,-22.203111,29.411397
Kill_143,-22.19644,29.416351
Kill_144,-22.207479,29.416563
Kill_145,-22.20517,29.41519
Kill_146,-22.196265,29.444604
Kill_147,-22.228381,29.467395
Kill_148,-22.196617,29.445681
Kill_149,-22.219076,29.425602
Kill_150,-22.21014,29.450094
Kill_151,-22.213993,29.452232
Kill_152,-22.224858,29.436977
Kill_153,-22.224009,29.440356
Kill_154,-22.218429,29.388108
Kill_155,-22.180243,29.439707
Kill_156,-22.186764,29.450958
Kill_157,-22.229478,29.431244
Kill_158,-22.195711,29.443109
Kill_159,-22.204205,29.436432
Kill_160,-22.194057,29.439512
Kill_161,-22.198759,29.441528
Kill_162,-22.199996,29.443101
Kill_163,-22.198724,29.441504
Kill_164,-22.198859,29.441919
Kill_165,-22.19963,29.441075
Kill_166,-22.225262,29.452073
Kill_167,-22.232831,29.45989
Kill_168,-22.1988,29.441449
Kill_169,-22.198851,29.441892
Kill_170,-22.192879,29.449707
Kill_171,-22.210305,29.453322
Kill_172,-22.192019,29.440013
Kill_173,-22.191945,29.439821
Kill_174,-22.192297,29.439838
Kill_175,-22.19185,29.439693
Kill_176,-22.19176,29.439608
Kill_177,-22.19624,29.439073
Kill_178,-22.19633,29.439048
Kill_179,-22.19952,29.441779
Kill_180,-22.203298,29.442914
Kill_181,-22.196901,29.440521
Kill_182,-22.196297,29.4402
Kill_183,-22.196273,29.440202
Kill_184,-22.196313,29.440167
Kill_185,-22.197797,29.445146
Kill_186,-22.192149,29.443469
Kill_187,-22.192346,29.443559
Kill_188,-22.192216,29.443178
Kill_189,-22.196238,29.439945
Kill_190,-22.209501,29.441248
Kill_191,-22.203526,29.413873
Kill_192,-22.203446,29.414419
Kill_193,-22.206866,29.424192
Kill_194,-22.227307,29.442832
Kill_195,-22.201451,29.440729
Kill_196,-22.214748,29.450631
Kill_197,-22.214514,29.450574
Kill_198,-22.201727,29.440479
Kill_199,-22.199591,29.439447
Kill_200,-22.203725,29.442126
Kill_201,-22.202897,29.441787
Kill_202,-22.198696,29.441785
Kill_203,-22.204879,29.440074
Kill_204,-22.198726,29.441496
Kill_205,-22.199713,29.441964
Kill_206,-22.199683,29.44198
Kill_207,-22.199514,29.44173
Kill_208,-22.192735,29.443099
Kill_209,-22.19871,29.437547
Kill_210,-22.202244,29.415517
Kill_211,-22.203841,29.412408
Kill_212,-22.20545,29.414394
Kill_213,-22.200179,29.400793
Kill_214,-22.200293,29.400714
Kill_215,-22.200745,29.40025
Kill_216,-22.200183,29.400726
Kill_217,-22.203377,29.413059
Kill_218,-22.20354,29.412111
Kill_219,-22.197355,29.4125
Kill_220,-22.202454,29.416252
Kill_221,-22.202679,29.414996
Kill_222,-22.204185,29.411255
Kill_223,-22.206523,29.424131
Kill_224,-22.205884,29.422847
Kill_225,-22.196244,29.419735
Kill_226,-22.203575,29.411165
Kill_227,-22.203605,29.411159
Kill_228,-22.203428,29.411517
Kill_229,-22.19657,29.416227
Kill_230,-22.201463,29.411497
Kill_231,-22.196523,29.416423
Kill_232,-22.196743,29.416913
Kill_233,-22.202985,29.413861
Kill_234,-22.204297,29.408822
Kill_235,-22.204565,29.410439
Kill_236,-22.202348,29.411554
Kill_237,-22.20257,29.411493
Kill_238,-22.2041,29.423482
Kill_239,-22.184102,29.417314
Kill_240,-22.204812,29.413796
Kill_241,-22.204785,29.413751
Kill_242,-22.206946,29.416602
Kill_243,-22.207448,29.416687
Kill_244,-22.203566,29.423747
Kill_245,-22.20363,29.423812
Kill_246,-22.20367,29.423901
Kill_247,-22.203467,29.425199
Kill_248,-22.203463,29.42526
Kill_249,-22.204059,29.423014
Kill_250,-22.204081,29.423053
Kill_251,-22.205296,29.425303
Kill_252,-22.203628,29.44201
Kill_253,-22.203489,29.441854
Kill_254,-22.227669,29.442179
Kill_255,-22.201143,29.440456
Kill_256,-22.201827,29.440594
Kill_257,-22.218872,29.427012
Kill_258,-22.219922,29.425425
Kill_259,-22.210162,29.420052
Kill_260,-22.210109,29.419767
Kill_261,-22.203042,29.411766
Kill_262,-22.202889,29.411686
Kill_263,-22.203481,29.411969
Kill_264,-22.205579,29.411464
Kill_265,-22.202653,29.411637
Kill_266,-22.203231,29.411941
Kill_267,-22.196108,29.444824
Kill_268,-22.196208,29.444584
Kill_269,-22.198722,29.441484
Kill_270,-22.198838,29.44189
Kill_271,-22.203945,29.44388
Kill_272,-22.223789,29.439183
Kill_273,-22.230587,29.467778
Kill_274,-22.215916,29.460368
Kill_275,-22.217143,29.462632
Kill_276,-22.205754,29.456028
Kill_277,-22.207296,29.450903
Kill_278,-22.232629,29.463068
Kill_279,-22.209802,29.456405
Kill_280,-22.209735,29.456262
Kill_281,-22.210189,29.456335
Kill_282,-22.221051,29.461682
Kill_283,-22.224308,29.466357
Kill_284,-22.224666,29.466526
Kill_285,-22.219802,29.48468
Kill_286,-22.21983,29.484442
Kill_287,-22.217649,29.471427
Kill_288,-22.217686,29.472976
Kill_289,-22.217222,29.47349
Kill_290,-22.209798,29.455922
Kill_291,-22.202069,29.439716
Kill_292,-22.22326,29.437524
Kill_293,-22.219757,29.430558
Kill_294,-22.221114,29.446167
Kill_295,-22.223615,29.446145
Kill_296,-22.228737,29.467407
Kill_297,-22.225932,29.467765
Kill_298,-22.227161,29.467657
Kill_299,-22.204352,29.455721
Kill_300,-22.207524,29.455214
Kill_301,-22.204966,29.453817
Kill_302,-22.204997,29.453426
Kill_303,-22.204366,29.455577
Kill_304,-22.204274,29.455924
Kill_305,-22.205035,29.454905
Kill_306,-22.232324,29.456529
Kill_307,-22.204997,29.45328
Kill_308,-22.204388,29.455528
Kill_309,-22.204403,29.455524
Kill_310,-22.201493,29.440438
Kill_311,-22.201788,29.440908
Kill_312,-22.217975,29.457762
Kill_313,-22.217946,29.457778
Kill_314,-22.206462,29.426683
Kill_315,-22.196385,29.446098
Kill_316,-22.196403,29.44611
Kill_317,-22.196582,29.445699
Kill_318,-22.197917,29.444871
Kill_319,-22.198014,29.444906
Kill_320,-22.196434,29.446157
Kill_321,-22.196334,29.446295
Kill_322,-22.197841,29.445009
Kill_323,-22.200616,29.44573
Kill_324,-22.208372,29.438247
Kill_325,-22.206437,29.442358
Kill_326,-22.218241,29.424552
Kill_327,-22.198956,29.444958
Kill_328,-22.203709,29.454486
Kill_329,-22.224717,29.452212
Kill_330,-22.223991,29.466901
Kill_331,-22.205269,29.454458
Kill_332,-22.192859,29.438727
Kill_333,-22.202393,29.445636
Kill_334,-22.20177,29.440605
Kill_335,-22.198853,29.441913
Kill_336,-22.198602,29.422986
Kill_337,-22.198578,29.422994
Kill_338,-22.198871,29.441903
Kill_339,-22.200075,29.442853
Kill_340,-22.185496,29.451756
Kill_341,-22.222959,29.424856
Kill_342,-22.218671,29.424949
Kill_343,-22.215906,29.458754
Kill_344,-22.215892,29.458757
Kill_345,-22.217759,29.473415
Kill_346,-22.204492,29.460097
Kill_347,-22.211194,29.457123
Kill_348,-22.224618,29.472725
Kill_349,-22.210374,29.457711
Kill_350,-22.209987,29.457338
Kill_351,-22.209989,29.457326
Kill_352,-22.211082,29.457943
Kill_353,-22.2137,29.462382
Kill_354,-22.215989,29.460687
Kill_355,-22.216003,29.460681
Kill_356,-22.225818,29.458293
Kill_357,-22.22168,29.465328
Kill_358,-22.222982,29.473576
Kill_359,-22.222925,29.449082
Kill_360,-22.222799,29.449939
Kill_361,-22.231012,29.445237
Kill_362,-22.210824,29.455945
Kill_363,-22.204435,29.455949
Kill_364,-22.215735,29.462691
Kill_365,-22.220113,29.460866
Kill_366,-22.220072,29.460541
Kill_367,-22.223024,29.467106
Kill_368,-22.209556,29.452075
Kill_369,-22.20991,29.450092
Kill_370,-22.21014,29.450094
Kill_371,-22.195386,29.448151
Kill_372,-22.210081,29.450114
Kill_373,-22.210079,29.45011
Kill_374,-22.210008,29.450051
Kill_375,-22.210018,29.450177
Kill_376,-22.210799,29.44777
Kill_377,-22.219993,29.445622
Kill_378,-22.220034,29.445679
Kill_379,-22.219324,29.443347
Kill_380,-22.221393,29.441168
Kill_381,-22.224365,29.479657
Kill_382,-22.224483,29.479635
Kill_383,-22.22264,29.47466
Kill_384,-22.21721,29.469918
Kill_385,-22.22537,29.472984
Kill_386,-22.222689,29.449658
Kill_387,-22.223922,29.437848
Kill_388,-22.224762,29.436884
Kill_389,-22.223971,29.438277
Kill_390,-22.222089,29.441758
Kill_391,-22.218569,29.443778
Kill_392,-22.22758,29.440358
Kill_393,-22.224766,29.437002
Kill_394,-22.220335,29.445551
Kill_395,-22.219816,29.430066
Kill_396,-22.219741,29.430088
Kill_397,-22.221999,29.440346
Kill_398,-22.215737,29.46274
Kill_399,-22.230664,29.46334
Kill_400,-22.21071,29.455473
Kill_401,-22.20269,29.442326
Kill_402,-22.202692,29.442326
Kill_403,-22.223663,29.438462
Kill_404,-22.216575,29.422581
Kill_405,-22.218699,29.424408
Kill_406,-22.224677,29.454024
Kill_407,-22.194688,29.439394
Kill_408,-22.19927,29.442397
Kill_409,-22.192116,29.440316
Kill_410,-22.200791,29.40084
Kill_411,-22.205113,29.411741
Kill_412,-22.196714,29.416923
Kill_413,-22.193882,29.44125
Kill_414,-22.194069,29.441123
Kill_415,-22.196716,29.438877
Kill_416,-22.198846,29.441565
Kill_417,-22.204643,29.425458
Kill_418,-22.204624,29.425452
Kill_419,-22.207157,29.421114
Kill_420,-22.19927,29.444985
Kill_421,-22.200531,29.445809
Kill_422,-22.196822,29.440511
Kill_423,-22.198802,29.441392
Kill_424,-22.195913,29.442568
Kill_425,-22.192039,29.440936
Kill_426,-22.198765,29.441378
Kill_427,-22.198798,29.441382
Kill_428,-22.200128,29.442478
Kill_429,-22.232117,29.44669
Kill_430,-22.201536,29.456482
Kill_431,-22.199758,29.442631
Kill_432,-22.21224,29.448647
Kill_433,-22.224485,29.448362
Kill_434,-22.217318,29.455178
Kill_435,-22.198751,29.439941
Kill_436,-22.199306,29.44245
Kill_437,-22.197784,29.444731
Kill_438,-22.203292,29.442739
Kill_439,-22.203438,29.442985
Kill_440,-22.194692,29.442041
Kill_441,-22.198543,29.443585
Kill_442,-22.192086,29.440208
Kill_443,-22.191988,29.440212
Kill_444,-22.191933,29.440682
Kill_445,-22.199109,29.441854
Kill_446,-22.204838,29.443738
Kill_447,-22.194342,29.442224
Kill_448,-22.192365,29.44361
Kill_449,-22.20946,29.44113
Kill_450,-22.209475,29.441103
Kill_451,-22.205369,29.411888
Kill_452,-22.220852,29.434043
Kill_453,-22.223277,29.46012
Kill_454,-22.202716,29.442297
Kill_455,-22.214679,29.450777
Kill_456,-22.201658,29.440554
Kill_457,-22.202063,29.441762
Kill_458,-22.199662,29.438214
Kill_459,-22.198885,29.442615
Kill_460,-22.199394,29.440556
Kill_461,-22.20521,29.439834
Kill_462,-22.199538,29.441738
Kill_463,-22.201756,29.44091
Kill_464,-22.20021,29.442283
Kill_465,-22.192934,29.44292
Kill_466,-22.208,29.410569
Kill_467,-22.200795,29.400765
Kill_468,-22.204045,29.411361
Kill_469,-22.203888,29.411446
Kill_470,-22.193091,29.407926
Kill_471,-22.203377,29.411212
Kill_472,-22.199902,29.41758
Kill_473,-22.045094,29.083358
Kill_474,-22.245017,28.892229
Kill_475,-22.204842,28.923284
Kill_476,-22.24846,28.925229
Kill_477,-22.208577,28.940429
Kill_478,-22.242615,28.948808
Kill_479,-22.227029,28.898664
Kill_480,-22.205196,28.956314
Kill_481,-22.159345,29.181763
Kill_482,-22.175833,29.223033
Kill_483,-22.24995,29.226567
Kill_484,-22.156667,29.281117
Kill_485,-22.106367,29.172667
Kill_486,-22.16675,29.3276
Kill_487,-22.044133,29.17075
Kill_488,-22.145967,29.20125
Kill_489,-22.0846,29.16295
Kill_490,-22.1566,29.182367
Kill_491,-22.087467,29.1873
Kill_492,-22.091283,29.2028
Kill_493,-22.0902,29.206317
Kill_494,-22.156717,29.184433
Kill_495,-22.17595,29.223133
Kill_496,-22.1119,29.242033
Kill_497,-22.248733,29.251683
Kill_498,-22.249667,29.227233
Kill_499,-22.262717,29.198383
Kill_500,-22.173967,29.213883
Kill_501,-22.17515,29.214833
Kill_502,-22.202367,29.050317
Kill_503,-22.16835,29.04385
Kill_504,-22.096867,29.170467
Kill_505,-22.0892,29.205717
Kill_506,-22.219083,29.306533
Kill_507,-22.140817,29.174433
Kill_508,-22.139067,29.11415
Kill_509,-22.108933,29.060567
Kill_510,-22.1548,29.281317
Kill_511,-22.10035,29.179233
Kill_512,-22.072717,29.173117
Kill_513,-22.106383,29.1727
Kill_514,-22.171317,29.245833
Kill_515,-22.212367,29.281567
Kill_516,-22.13065,29.143917
Kill_517,-22.109183,29.120183
Kill_518,-22.14155,29.127917
Kill_519,-22.144883,29.125917
Kill_520,-22.185033,29.24505
Kill_521,-22.178083,29.229317
Kill_522,-22.1235,29.172767
Kill_523,-22.1231,29.188267
Kill_524,-22.124183,29.188767
Kill_525,-22.113833,29.174017
Kill_526,-22.086783,29.171667
Kill_527,-22.102767,29.171533
Kill_528,-22.1615,29.205017
Kill_529,-22.113167,29.173617
Kill_530,-22.112667,29.2482
Kill_531,-22.200083,29.221233
Kill_532,-22.204817,29.218217
Kill_533,-22.094367,29.200267
Kill_534,-22.088883,29.193
Kill_535,-22.156417,29.180783
Kill_536,-22.167917,29.32735
Kill_537,-22.16035,29.304783
Kill_538,-22.201167,29.2176
Kill_539,-22.2149,29.2029
Kill_540,-22.1989,29.218767
Kill_541,-22.202267,29.433817
Kill_542,-22.1926,29.439967
Kill_543,-22.2266,29.478667
Kill_544,-22.200017,29.446333
Kill_545,-22.228483,29.3491
Kill_546,-22.179733,29.42625
Kill_547,-21.989656,29.016371
Kill_548,-22.099061,28.9783
Kill_549,-22.094238,29.023933
Kill_550,-22.095714,29.054459
Kill_551,-21.93399,29.074812
Kill_552,-22.092106,28.974017
Kill_553,-22.14019,29.007403
Kill_554,-22.0841,29.002175
Kill_555,-22.04954,29.035653
Kill_556,-22.044925,29.084007
Kill_557,-22.147309,28.957859
Kill_558,-22.1531,28.954558
Kill_559,-22.154674,28.953493
Kill_560,-22.210238,28.964201
Kill_561,-22.19772,28.986215
Kill_562,-22.219421,28.937345
Kill_563,-22.239932,28.950419
Kill_564,-22.228546,28.983927
Kill_565,-22.209903,28.926565
Kill_566,-22.226971,28.917594
Kill_567,-22.222522,28.929352
Kill_568,-22.199588,28.967784
Kill_569,-22.239953,28.951896
Kill_570,-22.214649,28.95371
Kill_571,-22.201511,28.975946
Kill_572,-22.135626,28.944434
Kill_573,-22.23597,28.946459
Kill_574,-22.196132,28.96557
Kill_575,-22.237065,28.929969
Kill_576,-22.120903,28.983087
Kill_577,-22.20819,28.939643
Kill_578,-22.206049,28.933636
Kill_579,-22.195318,28.905166
Kill_580,-22.207648,28.935893
Kill_581,-22.179504,28.959453
Kill_582,-22.211469,28.947271
Kill_583,-22.226848,28.936166
Kill_584,-22.2177,28.940195
Kill_585,-22.221623,28.943558
Kill_586,-22.20878,28.93835
Kill_587,-22.232682,28.945272
Kill_588,-22.115473,28.969093
Kill_589,-22.228296,28.898092
Kill_590,-22.22791,28.898684
Kill_591,-22.20874,28.938953
Kill_592,-22.164139,28.964181
Kill_593,-22.232021,28.954199
Kill_594,-22.18331,29.002502
Kill_595,-22.20878,28.947117
Kill_596,-22.156846,29.043852
Kill_597,-22.143159,29.009205
Kill_598,-22.174135,29.202315
Kill_599,-22.155064,29.178156
Kill_600,-22.156766,29.186275
Kill_601,-22.154924,29.178272
Kill_602,-22.138863,29.170434
Kill_603,-22.125292,29.274202
Kill_604,-22.202303,28.963811
Kill_605,-22.148992,29.205574
Kill_606,-22.209469,28.96687
Kill_607,-22.215293,28.930613
Kill_608,-22.205701,28.989595
Kill_609,-22.192425,28.950646
Kill_610,-22.166638,29.054967
Kill_611,-22.161326,29.064249
Kill_612,-22.142571,29.145877
Kill_613,-22.207866,28.977833
Kill_614,-22.186172,28.927361
Kill_615,-22.239443,28.952203
Kill_616,-22.117364,29.17501
Kill_617,-22.244795,29.103858
Kill_618,-22.089421,29.230599
Kill_619,-22.097932,29.225574
Kill_620,-22.15945,29.183039
Kill_621,-22.114868,29.210596
Kill_622,-22.173036,29.220713
Kill_623,-22.141342,29.199091
Kill_624,-22.090862,29.170103
Kill_625,-22.091315,29.228639
Kill_626,-22.127481,29.219988
Kill_627,-22.140224,29.144988
Kill_628,-22.268682,29.254706
Kill_629,-22.264627,29.274574
Kill_630,-22.23071,29.217087
Kill_631,-22.15915,29.183264
Kill_632,-22.159445,29.059021
Kill_633,-22.287253,29.019647
Kill_634,-22.218039,29.227598
Kill_635,-22.292586,29.294093
Kill_636,-22.152918,29.228987
Kill_637,-22.102715,29.179525
Kill_638,-22.081801,29.166854
Kill_639,-22.098403,29.127181
Kill_640,-22.151196,29.107284
Kill_641,-22.175013,29.186384
Kill_642,-22.137936,29.153346
Kill_643,-22.158609,29.183338
Kill_644,-22.186523,29.29353
Kill_645,-22.151989,29.156803
Kill_646,-22.135577,29.201361
Kill_647,-22.162437,29.181856
Kill_648,-22.145249,29.129877
Kill_649,-22.153257,29.169389
Kill_650,-22.149937,29.1593
Kill_651,-22.138849,29.151249
Kill_652,-22.216803,29.192668
Kill_653,-22.137223,29.178092
Kill_654,-22.124972,29.157296
Kill_655,-22.126255,29.222292
Kill_656,-22.122876,29.149546
Kill_657,-22.099219,29.195481
Kill_658,-22.164307,29.297182
Kill_659,-22.174198,29.241512
Kill_660,-22.165957,29.24219
Kill_661,-22.148234,29.142592
Kill_662,-22.167767,29.192542
Kill_663,-22.099611,29.061759
Kill_664,-22.019802,29.068801
Kill_665,-22.099721,29.198688
Kill_666,-22.176799,29.228904
Kill_667,-22.026001,29.123702
Kill_668,-22.138137,29.212742
Kill_669,-22.149983,29.148017
Kill_670,-22.157417,29.1804
Kill_671,-22.00575,29.1118
Kill_672,-22.019567,29.088167
Kill_673,-21.984683,29.025217
Kill_674,-21.978683,29.072067
Kill_675,-21.965417,29.078383
Kill_676,-21.991667,29.09175
Kill_677,-21.952333,29.086233
Kill_678,-21.947183,29.036733
Kill_679,-22.0864,29.047083
Kill_680,-22.220767,29.029717
Kill_681,-22.227633,28.9899
Kill_682,-22.264633,29.101017
Kill_683,-22.193617,28.996
Kill_684,-22.108244,29.162402
Kill_685,-22.137463,29.154551
Kill_686,-22.071076,29.12369
Kill_687,-22.048743,29.172779
Kill_688,-22.090664,29.122826
Kill_689,-22.181962,29.194368
Kill_690,-22.163881,29.184702
Kill_691,-22.147426,29.175123
Kill_692,-22.081801,29.166854
Kill_693,-22.0858,29.164066
Kill_694,-22.158221,29.179613
Kill_695,-22.175937,29.218714
Kill_696,-22.144853,29.171404
Kill_697,-22.142282,29.158611
Kill_698,-22.126368,29.180663
Kill_699,-22.146011,29.159399
Kill_700,-22.098862,29.127504
Kill_701,-22.087956,29.134917
Kill_702,-22.064284,29.13427
Kill_703,-22.056592,29.128023
Kill_704,-22.137825,29.145879
Kill_705,-22.174871,29.21181
Kill_706,-22.178247,29.210361
Kill_707,-22.126084,29.145257
Kill_708,-22.151267,29.107593
Kill_709,-22.142525,29.13292
Kill_710,-22.142447,29.132906
Kill_711,-22.095932,29.170767
Kill_712,-22.146436,29.174591
Kill_713,-22.147154,29.17464
Kill_714,-22.156593,29.181801
Kill_715,-22.163595,29.189496
Kill_716,-22.161118,29.18468
Kill_717,-22.165785,29.187201
Kill_718,-22.17431,29.180596
Kill_719,-22.163303,29.184028
Kill_720,-22.163526,29.184269
Kill_721,-22.179668,29.211611
Kill_722,-22.114203,29.226014
Kill_723,-22.166679,29.191008
Kill_724,-22.188266,29.18516
Kill_725,-22.18459,29.158727
Kill_726,-22.169534,29.248169
Kill_727,-22.15508,29.17847
Kill_728,-22.143724,29.154241
Kill_729,-22.175101,29.214552
Kill_730,-22.178257,29.241622
Kill_731,-22.178804,29.2411
Kill_732,-22.176945,29.226585
Kill_733,-22.180394,29.207051
Kill_734,-22.175825,29.180782
Kill_735,-22.137947,29.153379
Kill_736,-22.177701,29.209113
Kill_737,-22.176734,29.235975
Kill_738,-22.180498,29.249322
Kill_739,-22.158504,29.183391
Kill_740,-22.16991,29.189088
Kill_741,-22.172228,29.174404
Kill_742,-22.182532,29.177661
Kill_743,-22.182285,29.178311
Kill_744,-22.181602,29.209457
Kill_745,-22.187076,29.293954
Kill_746,-22.176378,29.22064
Kill_747,-22.17642,29.220667
Kill_748,-22.159881,29.236251
Kill_749,-22.165581,29.198341
Kill_750,-22.19197,29.183448
Kill_751,-22.248945,29.252289
Kill_752,-22.182875,29.200588
Kill_753,-22.177386,29.216518
Kill_754,-22.165746,29.272478
Kill_755,-22.161591,29.273046
Kill_756,-22.176153,29.223902
Kill_757,-22.138567,29.176771
Kill_758,-22.172863,29.199452
Kill_759,-22.186297,29.185044
Kill_760,-22.16991,29.202759
Kill_761,-22.170317,29.202451
Kill_762,-22.152039,29.156787
Kill_763,-22.164054,29.184884
Kill_764,-22.160753,29.181134
Kill_765,-22.169935,29.202732
Kill_766,-22.183527,29.242768
Kill_767,-22.182389,29.242125
Kill_768,-22.18118,29.204328
Kill_769,-22.167531,29.181203
Kill_770,-22.149619,29.16955
Kill_771,-22.148091,29.168919
Kill_772,-22.137722,29.185397
Kill_773,-22.149923,29.179668
Kill_774,-22.158679,29.192104
Kill_775,-22.151439,29.180623
Kill_776,-22.148091,29.177452
Kill_777,-22.145853,29.17495
Kill_778,-22.144623,29.184987
Kill_779,-22.146033,29.17502
Kill_780,-22.14517,29.174879
Kill_781,-22.13992,29.145503
Kill_782,-22.146701,29.182233
Kill_783,-22.150446,29.181213
Kill_784,-22.146686,29.185195
Kill_785,-22.146869,29.197048
Kill_786,-22.139261,29.171298
Kill_787,-22.140334,29.167312
Kill_788,-22.138279,29.144783
Kill_789,-22.142605,29.157754
Kill_790,-22.146896,29.169581
Kill_791,-22.14791,29.171201
Kill_792,-22.143938,29.161385
Kill_793,-22.17854,29.2382
Kill_794,-22.135638,29.201276
Kill_795,-22.134947,29.200966
Kill_796,-22.13526,29.174475
Kill_797,-22.158073,29.186711
Kill_798,-22.157343,29.184871
Kill_799,-22.156557,29.183055
Kill_800,-22.15047,29.1743
Kill_801,-22.171291,29.204795
Kill_802,-22.142088,29.157947
Kill_803,-22.126355,29.145581
Kill_804,-22.145941,29.201176
Kill_805,-22.09873,29.180198
Kill_806,-22.155127,29.241557
Kill_807,-22.148999,29.176699
Kill_808,-22.156905,29.180766
Kill_809,-22.156543,29.179557
Kill_810,-22.143142,29.171202
Kill_811,-22.162124,29.18197
Kill_812,-22.162748,29.182444
Kill_813,-22.161523,29.185313
Kill_814,-22.164408,29.181899
Kill_815,-22.157163,29.183881
Kill_816,-22.147001,29.206116
Kill_817,-22.159705,29.18146
Kill_818,-22.159037,29.183061
Kill_819,-22.145646,29.18324
Kill_820,-22.177791,29.216514
Kill_821,-22.170658,29.204085
Kill_822,-22.156573,29.182741
Kill_823,-22.126196,29.143512
Kill_824,-22.142489,29.103392
Kill_825,-22.165985,29.199093
Kill_826,-22.099156,29.221531
Kill_827,-22.16142,29.182357
Kill_828,-22.145146,29.223102
Kill_829,-22.169916,29.203135
Kill_830,-22.169147,29.194838
Kill_831,-22.172264,29.221997
Kill_832,-22.164156,29.191101
Kill_833,-22.145469,29.1749
Kill_834,-22.158122,29.194568
Kill_835,-22.128369,29.180267
Kill_836,-22.155741,29.177181
Kill_837,-22.157497,29.190706
Kill_838,-22.127651,29.223395
Kill_839,-22.12769,29.180658
Kill_840,-22.125938,29.180522
Kill_841,-22.16628,29.194395
Kill_842,-22.145341,29.129875
Kill_843,-22.145426,29.12938
Kill_844,-22.148456,29.151792
Kill_845,-22.147841,29.1519
Kill_846,-22.174693,29.208767
Kill_847,-22.174028,29.181608
Kill_848,-22.159072,29.181386
Kill_849,-22.159743,29.188869
Kill_850,-22.163993,29.186713
Kill_851,-22.137903,29.154498
Kill_852,-22.149845,29.159279
Kill_853,-22.159031,29.181394
Kill_854,-22.159721,29.181399
Kill_855,-22.160834,29.182294
Kill_856,-22.166138,29.199514
Kill_857,-22.139659,29.150808
Kill_858,-22.15309,29.147727
Kill_859,-22.172557,29.143284
Kill_860,-22.143252,29.161064
Kill_861,-22.159705,29.181659
Kill_862,-22.157939,29.18233
Kill_863,-22.139016,29.183099
Kill_864,-22.178766,29.187209
Kill_865,-22.160858,29.183262
Kill_866,-22.190039,29.146368
Kill_867,-22.152171,29.171244
Kill_868,-22.160791,29.181323
Kill_869,-22.164203,29.185978
Kill_870,-22.162752,29.18241
Kill_871,-22.183913,29.20104
Kill_872,-22.136825,29.178164
Kill_873,-22.122156,29.174788
Kill_874,-22.13666,29.176194
Kill_875,-22.14081,29.162026
Kill_876,-22.12228,29.174884
Kill_877,-22.124502,29.17903
Kill_878,-22.175981,29.224719
Kill_879,-22.12287,29.176638
Kill_880,-22.180617,29.168429
Kill_881,-22.179724,29.173104
Kill_882,-22.14177,29.126799
Kill_883,-22.165257,29.129803
Kill_884,-22.165188,29.129869
Kill_885,-22.162539,29.168215
Kill_886,-22.164178,29.168028
Kill_887,-22.180636,29.162211
Kill_888,-22.167965,29.135834
Kill_889,-22.167568,29.128923
Kill_890,-22.120687,29.150887
Kill_891,-22.149424,29.198783
Kill_892,-22.149888,29.187998
Kill_893,-22.146635,29.194808
Kill_894,-22.126278,29.222406
Kill_895,-22.1257,29.22167
Kill_896,-22.143378,29.20354
Kill_897,-22.150852,29.179649
Kill_898,-22.158974,29.19717
Kill_899,-22.157945,29.233146
Kill_900,-22.126042,29.148427
Kill_901,-22.16767,29.217812
Kill_902,-22.16347,29.171464
Kill_903,-22.15403,29.120249
Kill_904,-22.147689,29.200836
Kill_905,-22.151689,29.178601
Kill_906,-22.099205,29.197054
Kill_907,-22.169731,29.246071
Kill_908,-22.173891,29.215204
Kill_909,-22.116634,29.18138
Kill_910,-22.053225,29.182943
Kill_911,-22.179071,29.23877
Kill_912,-22.174198,29.241512
Kill_913,-22.096832,29.259009
Kill_914,-22.142379,29.257558
Kill_915,-22.11333,29.23218
Kill_916,-22.150763,29.201223
Kill_917,-22.164079,29.18693
Kill_918,-22.157261,29.247917
Kill_919,-22.156777,29.24821
Kill_920,-22.129476,29.224715
Kill_921,-22.162349,29.243901
Kill_922,-22.166056,29.242371
Kill_923,-22.134796,29.23443
Kill_924,-22.172697,29.244236
Kill_925,-22.169208,29.245923
Kill_926,-22.143679,29.167487
Kill_927,-22.144366,29.133858
Kill_928,-22.118309,29.174969
Kill_929,-22.071238,29.078548
Kill_930,-22.068941,29.08701
Kill_931,-22.070217,29.091262
Kill_932,-22.056392,29.072561
Kill_933,-22.148423,29.14318
Kill_934,-22.166207,29.262225
Kill_935,-22.072333,29.105937
Kill_936,-22.162339,29.141974
Kill_937,-22.148354,29.14931
Kill_938,-22.097546,29.189492
Kill_939,-22.097424,29.187724
Kill_940,-22.086906,29.143925
Kill_941,-22.112343,29.27392
Kill_942,-22.105896,29.238251
Kill_943,-22.156694,29.175568
Kill_944,-22.138009,29.161477
Kill_945,-22.162854,29.236066
Kill_946,-22.087183,29.08385
Kill_947,-22.111796,29.058626
Kill_948,-22.080603,29.09142
Kill_949,-22.080599,29.091457
Kill_950,-22.080709,29.091317
Kill_951,-22.080603,29.091193
Kill_952,-22.143976,29.168343
Kill_953,-22.17321,29.208016
Kill_954,-22.044314,29.1224
Kill_955,-21.976563,29.080324
Kill_956,-22.071946,29.204191
Kill_957,-22.099715,29.061768
Kill_958,-22.083905,29.086454
Kill_959,-22.10637,29.119995
Kill_960,-22.155471,29.199888
Kill_961,-22.154183,29.189235
Kill_962,-22.16721,29.237264
Kill_963,-22.119065,29.137297
Kill_964,-22.107043,29.130253
Kill_965,-22.07478,29.136916
Kill_966,-22.088924,29.148582
Kill_967,-22.151149,29.177743
Kill_968,-22.15624,29.166469
Kill_969,-22.095231,29.108246
Kill_970,-22.099715,29.19868
Kill_971,-22.099721,29.19754
Kill_972,-22.055509,29.134772
Kill_973,-22.104897,29.181156
Kill_974,-22.054266,29.187815
Kill_975,-22.04786,29.167965
Kill_976,-22.048142,29.167124
Kill_977,-22.048305,29.165299
Kill_978,-22.050659,29.166036
Kill_979,-22.098922,29.177551
Kill_980,-22.097917,29.17971
Kill_981,-22.177458,29.234123
Kill_982,-22.130949,29.14577
Kill_983,-22.026072,29.123832
Kill_984,-22.026001,29.123702
Kill_985,-22.138137,29.212742
Kill_986,-22.160075,29.197797
Kill_987,-22.149249,29.170498
Kill_988,-22.160531,29.183384
Kill_989,-22.14021,29.181986
Kill_990,-22.140122,29.155914
Kill_991,-22.160642,29.236375
Kill_992,-22.174803,29.240039
Kill_993,-22.164915,29.186011
Kill_994,-22.173661,29.164661
Kill_995,-22.165389,29.195526
Kill_996,-22.01696,29.086176
Kill_997,-22.141939,29.18963
Kill_998,-22.125246,29.17703
Kill_999,-22.044076,29.12167
Kill_1000,-22.17344,29.20883
Kill_1001,-22.022357,29.126375
Kill_1002,-22.143414,29.203312
Kill_1003,-21.954483,29.039467
Kill_1004,-21.993617,29.1044
Kill_1005,-22.013083,29.067583
Kill_1006,-22.160467,29.18185
Kill_1007,-22.00365,29.1267
Kill_1008,-21.990967,29.087967
Kill_1009,-21.9667,29.06445
Kill_1010,-22.13945,29.169833
Kill_1011,-22.157033,29.19205
Kill_1012,-22.1489,29.180233
Kill_1013,-22.001217,29.0851
Kill_1014,-22.029817,29.077267
Kill_1015,-21.992283,29.091117
Kill_1016,-22.02325,29.112333
Kill_1017,-22.0544,29.1531
Kill_1018,-21.997267,29.095183
Kill_1019,-21.983333,29.05255
Kill_1020,-22.149633,29.169783
Kill_1021,-21.98695,29.081633
Kill_1022,-21.977617,29.0703
Kill_1023,-21.945533,29.036633
Kill_1024,-21.906533,29.080867
Kill_1025,-21.926283,29.056933
Kill_1026,-21.968817,29.10625
Kill_1027,-21.97125,29.06615
Kill_1028,-21.974017,29.058483
Kill_1029,-21.9587,29.056067
Kill_1030,-21.96495,29.075667
Kill_1031,-21.999683,29.076433
Kill_1032,-22.00985,29.060967
Kill_1033,-21.98445,29.02525
Kill_1034,-21.99585,29.071933
Kill_1035,-22.026133,29.066517
Kill_1036,-21.9901,29.10105
Kill_1037,-22.030067,29.130317
Kill_1038,-22.095267,29.166983
Kill_1039,-21.9766,29.08225
Kill_1040,-21.978867,29.07225
Kill_1041,-21.965583,29.078767
Kill_1042,-21.964717,29.079133
Kill_1043,-21.9651,29.078983
Kill_1044,-21.9717,29.0771
Kill_1045,-21.97655,29.0645
Kill_1046,-21.97765,29.07935
Kill_1047,-22.008033,29.12225
Kill_1048,-21.97405,29.059467
Kill_1049,-21.967517,29.0808
Kill_1050,-21.96485,29.078817
Kill_1051,-21.962167,29.079383
Kill_1052,-21.960167,29.143983
Kill_1053,-21.977017,29.074333
Kill_1054,-22.000083,29.06155
Kill_1055,-21.9475,29.06435
Kill_1056,-21.97265,29.0798
Kill_1057,-21.981617,29.106267
Kill_1058,-21.975983,29.080217
Kill_1059,-21.967117,29.079467
Kill_1060,-21.9768,29.10635
Kill_1061,-21.970283,29.119467
Kill_1062,-21.980967,29.144383
Kill_1063,-21.905583,29.08315
Kill_1064,-21.9864,29.082733
Kill_1065,-21.968067,29.08055
Kill_1066,-21.961583,29.079333
Kill_1067,-21.9279,29.12245
Kill_1068,-22.002533,29.113983
Kill_1069,-21.966383,29.04335
Kill_1070,-21.981767,29.13975
Kill_1071,-21.958583,29.088333
Kill_1072,-21.941017,29.044467
Kill_1073,-21.9605,29.079483
Kill_1074,-21.977317,29.072783
Kill_1075,-22.007483,29.087583
Kill_1076,-22.0047,29.09115
Kill_1077,-22.004567,29.0909
Kill_1078,-22.006883,29.140583
Kill_1079,-22.021817,29.088683
Kill_1080,-22.010333,29.078317
Kill_1081,-21.992233,29.089567
Kill_1082,-21.978467,29.0806
Kill_1083,-21.965317,29.09645
Kill_1084,-21.963567,29.116
Kill_1085,-21.960767,29.080183
Kill_1086,-21.992917,29.107117
Kill_1087,-21.994867,29.081833
Kill_1088,-21.995433,29.087
Kill_1089,-21.99155,29.091683
Kill_1090,-21.991583,29.092
Kill_1091,-21.993367,29.089433
Kill_1092,-21.982083,29.07925
Kill_1093,-21.993433,29.0903
Kill_1094,-22.04445,29.122067
Kill_1095,-22.011117,29.091917
Kill_1096,-22.030183,29.094883
Kill_1097,-21.90175,29.0887
Kill_1098,-21.9641,29.076883
Kill_1099,-21.99775,29.086383
Kill_1100,-21.9697,29.084483
Kill_1101,-21.97775,29.044483
Kill_1102,-21.979617,29.159017
Kill_1103,-21.981883,29.060933
Kill_1104,-21.985117,29.0636
Kill_1105,-21.9584,29.066983
Kill_1106,-21.965983,29.046733
Kill_1107,-21.9705,29.042617
Kill_1108,-21.96,29.070067
Kill_1109,-21.960017,29.070083
Kill_1110,-21.958617,29.035067
Kill_1111,-22.01955,29.131767
Kill_1112,-21.95235,29.04665
Kill_1113,-21.952333,29.086233
Kill_1114,-21.936067,29.086317
Kill_1115,-21.952483,29.040533
Kill_1116,-21.968567,29.05345
Kill_1117,-21.910083,29.062067
Kill_1118,-21.951167,29.062233
Kill_1119,-21.933633,29.110767
Kill_1120,-21.924567,29.0632
Kill_1121,-22.086317,29.047
Kill_1122,-22.086383,29.0472
Kill_1123,-21.99785,29.050667
Kill_1124,-22.026417,29.029533
Kill_1125,-21.9486,29.088017
Kill_1126,-21.986367,29.00305
Kill_1127,-21.997583,29.014317
Kill_1128,-21.990917,29.020317
Kill_1129,-21.957233,29.072933
Kill_1130,-21.949617,29.102117
Kill_1131,-21.960833,29.072683
Kill_1132,-22.0709,29.033833
Kill_1133,-22.00265,29.017217
Kill_1134,-21.992883,29.001783
Kill_1135,-22.001,29.0189
Kill_1136,-21.950917,29.028283
Kill_1137,-22.099533,29.061833
Kill_1138,-22.096317,29.054183
Kill_1139,-22.049317,29.135617
Kill_1140,-22.125633,29.116067
Kill_1141,-22.030133,29.04415
Kill_1142,-22.211683,29.054933
Kill_1143,-22.184883,29.043833
Kill_1144,-22.168067,29.000067
Kill_1145,-22.22075,29.029817
Kill_1146,-21.8857,29.032017
Kill_1147,-22.264667,29.100983
Kill_1148,-22.254083,29.1461
Kill_1149,-22.19385,28.996933
Kill_1150,-22.193617,28.996
Kill_1151,-22.184579,28.912575
Kill_1152,-22.222161,28.974468
Kill_1153,-22.197622,28.927243
Kill_1154,-22.20742,29.022796
Kill_1155,-22.202054,28.961534
Kill_1156,-22.265672,28.919621
Kill_1157,-22.194301,28.913657
Kill_1158,-22.199429,28.972535
Kill_1159,-22.199351,28.965581
Kill_1160,-22.189021,28.990628
Kill_1161,-22.173622,29.022892
Kill_1162,-22.175726,28.921884
Kill_1163,-22.184887,28.912627
Kill_1164,-22.224961,28.979159
Kill_1165,-22.226223,28.972068
Kill_1166,-22.242467,28.916157
Kill_1167,-22.230921,28.94603
Kill_1168,-22.213144,28.95123
Kill_1169,-22.194181,28.994606
Kill_1170,-22.23026,28.965809
Kill_1171,-22.222026,28.974406
Kill_1172,-22.222401,28.973831
Kill_1173,-22.216923,28.951212
Kill_1174,-22.228296,28.947508
Kill_1175,-22.231944,28.94509
Kill_1176,-22.232055,28.945154
Kill_1177,-22.206384,28.95202
Kill_1178,-22.197536,28.927294
Kill_1179,-22.201641,28.92167
Kill_1180,-22.200794,28.922186
Kill_1181,-22.212012,28.961773
Kill_1182,-22.218294,28.963288
Kill_1183,-22.279573,28.980526
Kill_1184,-22.261999,28.920381
Kill_1185,-22.261867,28.920358
Kill_1186,-22.242153,28.92639
Kill_1187,-22.220904,28.913943
Kill_1188,-22.205143,28.920254
Kill_1189,-22.193154,28.981587
Kill_1190,-22.204588,29.00107
Kill_1191,-22.140041,29.040934
Kill_1192,-22.134703,29.154219
Kill_1193,-22.134671,29.154205
Kill_1194,-22.135006,29.156215
Kill_1195,-22.142347,29.13917
Kill_1196,-22.161958,29.055507
Kill_1197,-22.20352,28.955719
Kill_1198,-22.205184,28.969517
Kill_1199,-22.222538,28.925396
Kill_1200,-22.209841,29.003631
Kill_1201,-22.207415,29.022906
Kill_1202,-22.209478,29.01102
Kill_1203,-22.223391,28.967249
Kill_1204,-22.202419,28.955769
Kill_1205,-22.202187,28.961792
Kill_1206,-22.202036,28.961798
Kill_1207,-22.200392,28.965241
Kill_1208,-22.200187,28.962689
Kill_1209,-22.168837,29.059207
Kill_1210,-22.211918,29.029204
Kill_1211,-22.211367,29.02602
Kill_1212,-22.204334,28.968726
Kill_1213,-22.252785,28.911024
Kill_1214,-22.26566,28.919623
Kill_1215,-22.265633,28.919753
Kill_1216,-22.26563,28.919749
Kill_1217,-22.265634,28.919767
Kill_1218,-22.234461,28.903289
Kill_1219,-22.20681,28.99803
Kill_1220,-22.211763,28.957297
Kill_1221,-22.269781,28.928097
Kill_1222,-22.235525,28.936136
Kill_1223,-22.228401,28.953984
Kill_1224,-22.283206,29.054071
Kill_1225,-22.263433,29.094836
Kill_1226,-22.282346,29.087967
Kill_1227,-22.4186,28.836133
Kill_1228,-22.2056,28.943183
Kill_1229,-22.227133,28.906233
Kill_1230,-22.1571,28.925867
Kill_1231,-22.333083,28.892433
Kill_1232,-22.344283,28.90235
Kill_1233,-22.275117,28.88075
Kill_1234,-22.260317,28.9439
Kill_1235,-22.215867,28.95
Kill_1236,-22.20695,28.9409
Kill_1237,-22.38945,28.849883
Kill_1238,-22.143447,29.119226
Kill_1239,-22.220109,28.966768
Kill_1240,-22.258514,28.899792
Kill_1241,-22.227553,28.93348
Kill_1242,-22.237887,28.937238
Kill_1243,-22.218724,28.965263
Kill_1244,-22.220736,28.966982
Kill_1245,-22.198153,28.915676
Kill_1246,-22.190495,28.953367
Kill_1247,-22.206053,29.003859
Kill_1248,-22.182255,28.981488
Kill_1249,-22.20377,28.966754
Kill_1250,-22.255558,28.930347
Kill_1251,-22.232819,28.931317
Kill_1252,-22.230882,28.954848
Kill_1253,-22.217847,28.903204
Kill_1254,-22.214482,28.928192
Kill_1255,-22.22656,28.930884
Kill_1256,-22.272117,28.839058
Kill_1257,-22.220701,28.942084
Kill_1258,-22.258425,28.876562
Kill_1259,-22.275413,28.940987
Kill_1260,-22.265904,28.87737
Kill_1261,-22.229425,28.892013
Kill_1262,-22.241707,28.869749
Kill_1263,-22.276904,28.849261
Kill_1264,-22.261174,28.96367
Kill_1265,-22.264453,28.957408
Kill_1266,-22.22168,28.966905
Kill_1267,-22.193772,28.942487
Kill_1268,-22.168337,28.981586
Kill_1269,-22.154189,28.930682
Kill_1270,-22.21051,28.923826
Kill_1271,-22.207967,28.938367
Kill_1272,-22.2533,28.86495
Kill_1273,-22.218778,28.972927
Kill_1274,-22.210221,28.984188
Kill_1275,-22.226082,28.93264
Kill_1276,-22.227138,28.931415
Kill_1277,-22.228821,28.971423
Kill_1278,-22.229858,28.972744
Kill_1279,-22.215871,28.950118
Kill_1280,-22.240084,28.93219
Kill_1281,-22.23079,28.941984
Kill_1282,-22.230377,28.941479
Kill_1283,-22.232359,28.940548
Kill_1284,-22.246822,28.940755
Kill_1285,-22.248562,28.91401
Kill_1286,-22.217719,28.922109
Kill_1287,-22.205503,28.983647
Kill_1288,-22.203302,28.921692
Kill_1289,-22.227649,28.903453
Kill_1290,-22.199829,28.965145
Kill_1291,-22.216972,28.963788
Kill_1292,-22.223708,28.93031
Kill_1293,-22.234721,28.935134
Kill_1294,-22.240544,28.950736
Kill_1295,-22.251023,28.96415
Kill_1296,-22.255446,28.957255
Kill_1297,-22.214984,28.947725
Kill_1298,-22.222898,28.918014
Kill_1299,-22.249298,28.913477
Kill_1300,-22.131366,29.11932
Kill_1301,-22.255874,28.97016
Kill_1302,-22.256879,28.957756
Kill_1303,-22.222349,28.928219
Kill_1304,-22.143186,29.119535
Kill_1305,-22.164368,29.020249
Kill_1306,-22.219023,28.99256
Kill_1307,-22.226982,28.932485
Kill_1308,-22.214555,28.958594
Kill_1309,-22.2381,28.965084
Kill_1310,-22.222268,28.986648
Kill_1311,-22.226318,28.961536
Kill_1312,-22.219515,28.966512
Kill_1313,-22.227614,28.987559
Kill_1314,-22.238149,28.944906
Kill_1315,-22.225167,28.961841
Kill_1316,-22.224963,28.96181
Kill_1317,-22.217169,28.962964
Kill_1318,-22.219387,28.966583
Kill_1319,-22.220239,28.966618
Kill_1320,-22.219688,28.968929
Kill_1321,-22.217236,28.963556
Kill_1322,-22.221328,28.953038
Kill_1323,-22.204928,28.951607
Kill_1324,-22.221126,28.956846
Kill_1325,-22.220465,28.952954
Kill_1326,-22.232595,28.957332
Kill_1327,-22.227069,28.9856
Kill_1328,-22.226581,28.98795
Kill_1329,-22.213947,28.98598
Kill_1330,-22.213332,28.98268
Kill_1331,-22.238743,28.94941
Kill_1332,-22.216929,28.979319
Kill_1333,-22.258197,28.952155
Kill_1334,-22.152098,29.089382
Kill_1335,-22.215745,28.957821
Kill_1336,-22.227511,28.933852
Kill_1337,-22.227486,28.933805
Kill_1338,-22.226935,28.934176
Kill_1339,-22.227539,28.93386
Kill_1340,-22.254352,28.964917
Kill_1341,-22.221761,28.948651
Kill_1342,-22.230221,28.960927
Kill_1343,-22.209568,28.973299
Kill_1344,-22.222768,28.979264
Kill_1345,-22.221421,28.967015
Kill_1346,-22.221065,28.967019
Kill_1347,-22.228719,28.944342
Kill_1348,-22.228349,28.962781
Kill_1349,-22.279395,28.942875
Kill_1350,-22.258848,28.986153
Kill_1351,-22.223661,28.96453
Kill_1352,-22.208885,28.951491
Kill_1353,-22.213302,28.954057
Kill_1354,-22.219194,28.966294
Kill_1355,-22.219771,28.966606
Kill_1356,-22.221206,28.966925
Kill_1357,-22.227175,28.973206
Kill_1358,-22.217303,28.96286
Kill_1359,-22.217979,28.963859
Kill_1360,-22.217019,28.967155
Kill_1361,-22.214703,28.969067
Kill_1362,-22.194554,28.9501
Kill_1363,-22.19646,28.949674
Kill_1364,-22.227578,28.973938
Kill_1365,-22.226831,28.971875
Kill_1366,-22.221474,28.969041
Kill_1367,-22.221753,28.968471
Kill_1368,-22.21758,28.962486
Kill_1369,-22.204173,28.939748
Kill_1370,-22.207194,28.953031
Kill_1371,-22.205221,28.910954
Kill_1372,-22.203343,28.914311
Kill_1373,-22.197479,28.916079
Kill_1374,-22.198116,28.915649
Kill_1375,-22.197963,28.915438
Kill_1376,-22.202468,28.956795
Kill_1377,-22.206376,28.951056
Kill_1378,-22.200981,28.96189
Kill_1379,-22.196629,28.963147
Kill_1380,-22.198195,28.956925
Kill_1381,-22.19979,28.973421
Kill_1382,-22.184418,28.965715
Kill_1383,-22.188003,28.955219
Kill_1384,-22.190566,28.953414
Kill_1385,-22.190574,28.9534
Kill_1386,-22.190566,28.953312
Kill_1387,-22.201575,28.956494
Kill_1388,-22.234371,28.932717
Kill_1389,-22.2038,28.901095
Kill_1390,-22.182277,28.981455
Kill_1391,-22.199642,28.96059
Kill_1392,-22.157762,28.962368
Kill_1393,-22.191012,28.967452
Kill_1394,-22.189764,28.98902
Kill_1395,-22.205796,28.951451
Kill_1396,-22.218176,28.963011
Kill_1397,-22.207497,28.95259
Kill_1398,-22.180448,28.921887
Kill_1399,-22.178723,28.921975
Kill_1400,-22.22014,28.939366
Kill_1401,-22.223161,28.930223
Kill_1402,-22.218445,28.940031
Kill_1403,-22.221448,28.937567
Kill_1404,-22.220129,28.939362
Kill_1405,-22.220158,28.939368
Kill_1406,-22.220138,28.939313
Kill_1407,-22.219434,28.950478
Kill_1408,-22.218331,28.940051
Kill_1409,-22.199422,28.962921
Kill_1410,-22.204582,28.944572
Kill_1411,-22.210838,28.950431
Kill_1412,-22.215601,28.948582
Kill_1413,-22.194222,28.980469
Kill_1414,-22.190515,28.918667
Kill_1415,-22.180727,28.929053
Kill_1416,-22.212349,28.916707
Kill_1417,-22.213767,28.951506
Kill_1418,-22.203705,28.96686
Kill_1419,-22.241054,28.938373
Kill_1420,-22.218713,28.933187
Kill_1421,-22.221029,28.929602
Kill_1422,-22.214343,28.950671
Kill_1423,-22.221629,28.927917
Kill_1424,-22.221694,28.927887
Kill_1425,-22.217122,28.94362
Kill_1426,-22.214577,28.95305
Kill_1427,-22.219613,28.930302
Kill_1428,-22.222878,28.933258
Kill_1429,-22.246305,28.898191
Kill_1430,-22.213605,28.921922
Kill_1431,-22.254755,28.929468
Kill_1432,-22.232819,28.931317
Kill_1433,-22.236176,28.92795
Kill_1434,-22.260083,28.915472
Kill_1435,-22.223665,28.927456
Kill_1436,-22.253855,28.95461
Kill_1437,-22.260604,28.925039
Kill_1438,-22.25296,28.948657
Kill_1439,-22.266553,28.959153
Kill_1440,-22.269141,28.958185
Kill_1441,-22.203385,28.941325
Kill_1442,-22.226619,28.941691
Kill_1443,-22.225566,28.9336
Kill_1444,-22.256517,28.895146
Kill_1445,-22.228538,28.916671
Kill_1446,-22.23104,28.926194
Kill_1447,-22.217236,28.901573
Kill_1448,-22.242747,28.88951
Kill_1449,-22.248387,28.882025
Kill_1450,-22.203583,28.953727
Kill_1451,-22.202041,28.949679
Kill_1452,-22.218569,28.942301
Kill_1453,-22.219621,28.939329
Kill_1454,-22.219586,28.938833
Kill_1455,-22.219521,28.940377
Kill_1456,-22.223787,28.932222
Kill_1457,-22.259296,28.904539
Kill_1458,-22.256087,28.907751
Kill_1459,-22.228583,28.918872
Kill_1460,-22.218713,28.930715
Kill_1461,-22.220862,28.942389
Kill_1462,-22.230833,28.938947
Kill_1463,-22.230806,28.938652
Kill_1464,-22.256169,28.921016
Kill_1465,-22.256376,28.92099
Kill_1466,-22.235274,28.939948
Kill_1467,-22.221313,28.906761
Kill_1468,-22.227889,28.891958
Kill_1469,-22.225132,28.876154
Kill_1470,-22.247817,28.864789
Kill_1471,-22.249772,28.859532
Kill_1472,-22.235699,28.948513
Kill_1473,-22.239026,28.947235
Kill_1474,-22.268325,28.885055
Kill_1475,-22.262681,28.890767
Kill_1476,-22.259125,28.826501
Kill_1477,-22.272101,28.839091
Kill_1478,-22.272115,28.839012
Kill_1479,-22.258183,28.874919
Kill_1480,-22.209039,28.951416
Kill_1481,-22.197868,28.918821
Kill_1482,-22.197534,28.927201
Kill_1483,-22.197854,28.918921
Kill_1484,-22.203414,28.939368
Kill_1485,-22.210061,28.951131
Kill_1486,-22.200946,28.962292
Kill_1487,-22.220719,28.942143
Kill_1488,-22.220766,28.942348
Kill_1489,-22.2013,28.952474
Kill_1490,-22.238932,28.947825
Kill_1491,-22.258555,28.876451
Kill_1492,-22.258378,28.876166
Kill_1493,-22.21358,28.920131
Kill_1494,-22.204218,28.933075
Kill_1495,-22.249123,28.918673
Kill_1496,-22.22985,28.926211
Kill_1497,-22.252187,28.928933
Kill_1498,-22.206073,28.930306
Kill_1499,-22.21308,28.936584
Kill_1500,-22.270976,28.900564
Kill_1501,-22.27548,28.940975
Kill_1502,-22.239508,28.95072
Kill_1503,-22.223071,28.92959
Kill_1504,-22.225482,28.952926
Kill_1505,-22.234237,28.929051
Kill_1506,-22.192395,28.945823
Kill_1507,-22.241359,28.853644
Kill_1508,-22.253693,28.840523
Kill_1509,-22.261861,28.82121
Kill_1510,-22.259983,28.87866
Kill_1511,-22.250041,28.866842
Kill_1512,-22.258466,28.856183
Kill_1513,-22.277022,28.848914
Kill_1514,-22.276788,28.848899
Kill_1515,-22.223853,28.964756
Kill_1516,-22.248358,28.962559
Kill_1517,-22.235413,28.967126
Kill_1518,-22.20646,28.932743
Kill_1519,-22.193347,28.949858
Kill_1520,-22.193746,28.95046
Kill_1521,-22.222522,28.942698
Kill_1522,-22.221844,28.967161
Kill_1523,-22.206158,28.951239
Kill_1524,-22.206938,28.947382
Kill_1525,-22.207603,28.935634
Kill_1526,-22.261719,28.937551
Kill_1527,-22.230526,28.940684
Kill_1528,-22.2467,28.980542
Kill_1529,-22.246924,28.981584
Kill_1530,-22.255652,28.984047
Kill_1531,-22.259912,28.990776
Kill_1532,-22.239901,28.959627
Kill_1533,-22.267525,29.001681
Kill_1534,-22.264467,28.95741
Kill_1535,-22.265145,28.958051
Kill_1536,-22.240717,28.948792
Kill_1537,-22.226184,28.901499
Kill_1538,-22.217135,28.890104
Kill_1539,-22.221844,28.893941
Kill_1540,-22.235437,28.949046
Kill_1541,-22.234898,28.950142
Kill_1542,-22.235529,28.949007
Kill_1543,-22.235885,28.948816
Kill_1544,-22.253455,28.962923
Kill_1545,-22.241856,28.929602
Kill_1546,-22.243949,28.918093
Kill_1547,-22.210913,28.950533
Kill_1548,-22.222927,28.967588
Kill_1549,-22.258311,28.863713
Kill_1550,-22.256905,28.972072
Kill_1551,-22.195746,28.966722
Kill_1552,-22.178355,28.949119
Kill_1553,-22.22085,28.964347
Kill_1554,-22.219741,28.943663
Kill_1555,-22.243003,28.952049
Kill_1556,-22.218955,28.963837
Kill_1557,-22.218949,28.964097
Kill_1558,-22.187063,28.992238
Kill_1559,-22.199443,28.993374
Kill_1560,-22.199646,28.969611
Kill_1561,-22.099858,28.982776
Kill_1562,-22.208732,28.95401
Kill_1563,-22.203072,28.914158
Kill_1564,-22.193911,28.942639
Kill_1565,-22.155459,28.932534
Kill_1566,-22.102688,28.991925
Kill_1567,-22.116895,28.942082
Kill_1568,-22.125277,28.985667
Kill_1569,-22.140778,28.958221
Kill_1570,-22.154132,28.934975
Kill_1571,-22.186605,28.982701
Kill_1572,-22.165572,28.978046
Kill_1573,-22.190184,28.988542
Kill_1574,-22.163708,28.93195
Kill_1575,-22.151003,28.934353
Kill_1576,-22.106816,28.974913
Kill_1577,-22.109983,28.962272
Kill_1578,-22.095459,28.975071
Kill_1579,-22.110545,28.987842
Kill_1580,-22.138511,28.951941
Kill_1581,-22.154244,28.930809
Kill_1582,-22.154097,28.930664
Kill_1583,-22.138694,28.969179
Kill_1584,-22.13868,28.969137
Kill_1585,-22.123177,28.973517
Kill_1586,-22.141209,28.968146
Kill_1587,-22.110433,29.009937
Kill_1588,-22.183675,28.951125
Kill_1589,-22.093715,28.989168
Kill_1590,-22.193075,28.969865
Kill_1591,-22.15294,28.933854
Kill_1592,-22.152856,28.933779
Kill_1593,-22.153754,28.93254
Kill_1594,-22.137386,28.953656
Kill_1595,-22.136171,28.952502
Kill_1596,-22.155969,28.955758
Kill_1597,-22.227216,28.946468
Kill_1598,-22.210551,28.923834
Kill_1599,-22.210411,28.923989
Kill_1600,-22.210885,28.924394
Kill_1601,-22.218483,28.925067
Kill_1602,-22.24835,28.926333
Kill_1603,-22.244433,28.876883
Kill_1604,-22.1884,28.920017
Kill_1605,-22.19935,28.917517
Kill_1606,-22.20265,28.91535
Kill_1607,-22.198833,28.965017
Kill_1608,-22.199133,28.983667
Kill_1609,-22.220533,28.973467
Kill_1610,-22.2007,28.92095
Kill_1611,-22.187183,28.901717
Kill_1612,-22.19035,28.921983
Kill_1613,-22.202833,28.900067
Kill_1614,-22.206467,28.937883
Kill_1615,-22.208067,28.938683
Kill_1616,-22.20805,28.938617
Kill_1617,-22.2073,28.938517
Kill_1618,-22.206583,28.927867
Kill_1619,-22.217083,28.9635
Kill_1620,-22.368121,29.081421
Kill_1621,-22.282351,29.062539
Kill_1622,-22.320868,29.076062
Kill_1623,-22.341884,29.109011
Kill_1624,-22.279655,29.057566
Kill_1625,-22.310376,29.077425
Kill_1626,-22.393166,29.078967
Kill_1627,-22.329142,29.131944
Kill_1628,-22.350759,29.072919
Kill_1629,-22.357749,29.106956
Kill_1630,-22.334357,29.121952
Kill_1631,-22.311686,29.146377
Kill_1632,-22.324329,29.184847
Kill_1633,-22.256571,29.079295
Kill_1634,-22.278796,29.060217
Kill_1635,-22.274772,29.109745
Kill_1636,-22.296545,29.10578
Kill_1637,-22.335079,29.1696
Kill_1638,-22.341654,29.191254
Kill_1639,-22.341083,29.190745
Kill_1640,-22.318368,29.118736
Kill_1641,-22.309102,29.075706
Kill_1642,-22.321387,29.110557
Kill_1643,-22.281356,29.051945
Kill_1644,-22.281421,29.054226
Kill_1645,-22.331126,29.088468
Kill_1646,-22.324996,29.172485
Kill_1647,-22.283805,29.096033
Kill_1648,-22.299304,29.108531
Kill_1649,-22.297707,29.107151
Kill_1650,-22.29767,29.107121
Kill_1651,-22.293191,29.107806
Kill_1652,-22.331425,29.077281
Kill_1653,-22.321279,29.075834
Kill_1654,-22.321547,29.075909
Kill_1655,-22.289235,29.073289
Kill_1656,-22.30895,29.113503
Kill_1657,-22.293001,29.076542
Kill_1658,-22.294663,29.07876
Kill_1659,-22.295439,29.076622
Kill_1660,-22.29514,29.076398
Kill_1661,-22.319043,29.057509
Kill_1662,-22.300146,29.065983
Kill_1663,-22.295679,29.082933
Kill_1664,-22.280481,29.059859
Kill_1665,-22.287211,29.076383
Kill_1666,-22.285846,29.078048
Kill_1667,-22.279696,29.057682
Kill_1668,-22.279681,29.056331
Kill_1669,-22.285386,29.050183
Kill_1670,-22.298696,29.117472
Kill_1671,-22.312978,29.083901
Kill_1672,-22.273079,29.013074
Kill_1673,-22.298116,29.118795
Kill_1674,-22.28905,29.070282
Kill_1675,-22.309314,29.07747
Kill_1676,-22.289345,29.078943
Kill_1677,-22.291821,29.074849
Kill_1678,-22.391612,29.079161
Kill_1679,-22.394316,29.079112
Kill_1680,-22.394342,29.079067
Kill_1681,-22.38044,29.084094
Kill_1682,-22.380489,29.084176
Kill_1683,-22.378479,29.096983
Kill_1684,-22.377104,29.103048
Kill_1685,-22.354771,29.091113
Kill_1686,-22.330288,29.091783
Kill_1687,-22.32687,29.084916
Kill_1688,-22.334094,29.099636
Kill_1689,-22.322819,29.14362
Kill_1690,-22.35449,29.208811
Kill_1691,-22.347652,29.201186
Kill_1692,-22.295579,29.096621
Kill_1693,-22.332831,29.086271
Kill_1694,-22.363855,29.082729
Kill_1695,-22.38467,29.079732
Kill_1696,-22.12028,29.141173
Kill_1697,-22.144821,29.069185
Kill_1698,-22.10234,29.061958
Kill_1699,-22.141386,29.03037
Kill_1700,-22.129132,29.05518
Kill_1701,-22.107495,29.105903
Kill_1702,-22.150963,29.036882
Kill_1703,-22.100253,29.088304
Kill_1704,-22.161358,29.084179
Kill_1705,-22.14138,29.083839
Kill_1706,-22.135772,29.073567
Kill_1707,-22.1353,29.075703
Kill_1708,-22.135256,29.075702
Kill_1709,-22.144856,29.069174
Kill_1710,-22.14489,29.069196
Kill_1711,-22.144857,29.069126
Kill_1712,-22.10492,29.057682
Kill_1713,-22.136346,29.120853
Kill_1714,-22.123062,29.067869
Kill_1715,-22.116497,29.113401
Kill_1716,-22.114918,29.117991
Kill_1717,-22.114853,29.119978
Kill_1718,-22.115035,29.120893
Kill_1719,-22.118034,29.053591
Kill_1720,-22.124064,29.054804
Kill_1721,-22.120905,29.06917
Kill_1722,-22.151751,29.090369
Kill_1723,-22.135318,29.120472
Kill_1724,-22.140587,29.11092
Kill_1725,-22.160414,29.111839
Kill_1726,-22.123825,29.055315
Kill_1727,-22.111381,29.060953
Kill_1728,-22.133672,29.120264
Kill_1729,-22.10234,29.061958
Kill_1730,-22.102164,29.062048
Kill_1731,-22.099476,29.090627
Kill_1732,-22.150712,29.094261
Kill_1733,-22.149233,29.107133
Kill_1734,-22.130088,29.102279
Kill_1735,-22.101281,29.130789
Kill_1736,-22.093365,29.120634
Kill_1737,-22.093029,29.103584
Kill_1738,-22.105032,29.057481
Kill_1739,-22.135884,29.053597
Kill_1740,-22.15715,29.059996
Kill_1741,-22.1312,29.066166
Kill_1742,-22.091592,29.051681
Kill_1743,-22.14131,29.030754
Kill_1744,-22.141366,29.030749
Kill_1745,-22.159084,29.056629
Kill_1746,-22.159352,29.056729
Kill_1747,-22.159332,29.056563
Kill_1748,-22.084381,29.04007
Kill_1749,-22.157071,29.060038
Kill_1750,-22.157166,29.059879
Kill_1751,-22.143691,29.119718
Kill_1752,-22.150343,29.091108
Kill_1753,-22.097433,29.066594
Kill_1754,-22.139211,29.02705
Kill_1755,-22.143473,29.026868
Kill_1756,-22.117873,29.116369
Kill_1757,-22.127003,29.05306
Kill_1758,-22.121935,29.058106
Kill_1759,-22.123669,29.109173
Kill_1760,-22.102943,29.057028
Kill_1761,-22.1213,29.023336
Kill_1762,-22.13364,29.029585
Kill_1763,-22.133807,29.084462
Kill_1764,-22.12776,29.112532
Kill_1765,-22.133382,29.105758
Kill_1766,-22.110633,29.055927
Kill_1767,-22.095398,29.076535
Kill_1768,-22.147502,29.117887
Kill_1769,-22.150969,29.036864
Kill_1770,-22.14362,29.106571
Kill_1771,-22.120637,29.031268
Kill_1772,-22.106877,29.108893
Kill_1773,-22.110567,29.083112
Kill_1774,-22.110324,29.023176
Kill_1775,-22.108228,29.026424
Kill_1776,-22.152586,29.106885
Kill_1777,-22.147944,29.09558
Kill_1778,-22.161316,29.084136
Kill_1779,-22.161374,29.084187
Kill_1780,-22.15729,29.08299
Kill_1781,-22.130088,29.085914
Kill_1782,-22.106802,29.108832
Kill_1783,-22.100855,29.059394
Kill_1784,-22.126094,29.077035
Kill_1785,-22.127232,29.075868
Kill_1786,-22.120784,29.099579
Kill_1787,-22.10201,29.059186
Kill_1788,-22.116745,29.034174
Kill_1789,-22.152682,29.100438
Kill_1790,-22.125602,29.072687
Kill_1791,-22.102087,29.059199
Kill_1792,-22.15854,29.094971
Kill_1793,-22.157264,29.08477
Kill_1794,-22.128988,29.030636
Kill_1795,-22.117868,29.037855
Kill_1796,-22.110962,29.086931
Kill_1797,-22.107941,29.094199
Kill_1798,-22.126117,29.098258
Kill_1799,-22.130219,29.099248
Kill_1800,-22.123194,29.069342
Kill_1801,-22.12594,29.069295
Kill_1802,-22.106586,29.04342
Kill_1803,-22.102128,29.074128
Kill_1804,-22.108679,29.093111
Kill_1805,-22.100192,29.063625
Kill_1806,-22.115094,29.074332
Kill_1807,-22.14677,29.075328
Kill_1808,-21.979095,29.109038
Kill_1809,-22.042514,29.080596
Kill_1810,-22.141757,29.101095
Kill_1811,-22.149336,29.096324
Kill_1812,-22.156117,29.087784
Kill_1813,-22.144779,29.092968
Kill_1814,-22.156517,29.086981
Kill_1815,-22.15931,29.069084
Kill_1816,-22.179719,29.078189
Kill_1817,-22.208454,29.056009
Kill_1818,-22.365456,28.923675
Kill_1819,-22.264731,28.814917
Kill_1820,-22.143536,29.083676
Kill_1821,-22.092988,29.073184
Kill_1822,-22.086698,29.07506
Kill_1823,-22.126721,29.064086
Kill_1824,-22.124846,29.041838
Kill_1825,-22.128943,29.090711
Kill_1826,-22.126033,29.089205
Kill_1827,-22.149196,29.078011
Kill_1828,-22.13658,29.112414
Kill_1829,-22.134607,29.119908
Kill_1830,-22.130416,29.103218
Kill_1831,-22.122952,29.054626
Kill_1832,-22.125615,29.065393
Kill_1833,-22.147015,29.067329
Kill_1834,-22.14022,29.120531
Kill_1835,-22.133385,29.073881
Kill_1836,-22.119652,29.042611
Kill_1837,-22.127944,29.050831
Kill_1838,-22.184343,29.065945
Kill_1839,-22.165057,29.066342
Kill_1840,-22.157266,29.044409
Kill_1841,-22.111615,29.096899
Kill_1842,-22.139237,29.086739
Kill_1843,-22.118104,29.056315
Kill_1844,-22.100202,29.063617
Kill_1845,-22.103363,29.065994
Kill_1846,-22.114972,29.074204
Kill_1847,-22.201308,29.052736
Kill_1848,-22.183891,29.055884
Kill_1849,-22.188458,29.056985
Kill_1850,-22.195218,29.062071
Kill_1851,-22.20687,29.069758
Kill_1852,-22.193951,29.063671
Kill_1853,-22.188496,29.06111
Kill_1854,-22.18947,29.052948
Kill_1855,-22.197385,29.054025
Kill_1856,-22.196415,29.051323
Kill_1857,-22.148005,29.077098
Kill_1858,-22.14823,29.077014
Kill_1859,-22.14779,29.075528
Kill_1860,-22.170612,29.059522
Kill_1861,-22.191201,29.048239
Kill_1862,-22.203265,29.113215
Kill_1863,-22.16607,29.0667
Kill_1864,-22.166794,29.042813
Kill_1865,-22.146037,29.041529
Kill_1866,-22.142641,29.042788
Kill_1867,-22.140276,29.052213
Kill_1868,-22.111331,29.068121
Kill_1869,-22.091307,29.106652
Kill_1870,-22.085877,29.090552
Kill_1871,-21.997898,29.10196
Kill_1872,-21.981021,29.107631
Kill_1873,-21.9782,29.105681
Kill_1874,-21.971959,29.123304
Kill_1875,-21.969395,29.126979
Kill_1876,-21.963334,29.130802
Kill_1877,-21.940753,29.137551
Kill_1878,-21.91882,29.121783
Kill_1879,-22.072009,29.068236
Kill_1880,-22.090064,29.040693
Kill_1881,-22.088072,29.088673
Kill_1882,-22.09893,29.103924
Kill_1883,-22.120909,29.063705
Kill_1884,-22.143515,29.102941
Kill_1885,-22.162164,29.073176
Kill_1886,-22.175599,29.087621
Kill_1887,-22.154364,29.051445
Kill_1888,-22.146415,29.11786
Kill_1889,-22.141363,29.107962
Kill_1890,-22.139496,29.110242
Kill_1891,-22.139366,29.109873
Kill_1892,-22.130878,29.117968
Kill_1893,-22.070655,29.12334
Kill_1894,-22.038168,29.086693
Kill_1895,-22.042188,29.099487
Kill_1896,-21.96516,29.199434
Kill_1897,-22.078285,29.11966
Kill_1898,-22.103133,29.119533
Kill_1899,-22.152455,29.125656
Kill_1900,-22.154504,29.123782
Kill_1901,-22.14175,29.101008
Kill_1902,-22.14111,29.103331
Kill_1903,-22.117878,29.059556
Kill_1904,-22.109027,29.066431
Kill_1905,-22.166584,29.065792
Kill_1906,-22.149019,29.096052
Kill_1907,-22.136312,29.076678
Kill_1908,-22.135845,29.076075
Kill_1909,-22.116107,29.084762
Kill_1910,-22.158356,29.07146
Kill_1911,-22.14781,29.064422
Kill_1912,-22.137199,29.047941
Kill_1913,-22.156117,29.087784
Kill_1914,-22.156142,29.087283
Kill_1915,-22.150714,29.106292
Kill_1916,-22.107771,29.063712
Kill_1917,-22.10745,29.063897
Kill_1918,-22.171568,29.087565
Kill_1919,-22.110507,29.126463
Kill_1920,-22.109999,29.075512
Kill_1921,-22.104141,29.055087
Kill_1922,-22.146467,29.119459
Kill_1923,-22.143076,29.111873
Kill_1924,-22.153431,29.101652
Kill_1925,-22.154012,29.118747
Kill_1926,-22.142307,29.086269
Kill_1927,-22.144403,29.103518
Kill_1928,-22.149007,29.114964
Kill_1929,-22.149157,29.113267
Kill_1930,-22.114969,29.09225
Kill_1931,-22.138891,29.083045
Kill_1932,-22.14291,29.084098
Kill_1933,-22.145002,29.084331
Kill_1934,-22.16001,29.072103
Kill_1935,-22.164341,29.077841
Kill_1936,-22.144746,29.093003
Kill_1937,-22.144849,29.09291
Kill_1938,-22.140494,29.068672
Kill_1939,-22.132661,29.071937
Kill_1940,-22.132459,29.071616
Kill_1941,-22.130221,29.06455
Kill_1942,-22.139769,29.066794
Kill_1943,-22.105025,29.057931
Kill_1944,-22.121356,29.051251
Kill_1945,-22.146306,29.054535
Kill_1946,-22.158371,29.065288
Kill_1947,-22.112702,29.05595
Kill_1948,-22.126998,29.054777
Kill_1949,-22.131512,29.055739
Kill_1950,-22.156517,29.086981
Kill_1951,-22.156152,29.087506
Kill_1952,-22.12836,29.075191
Kill_1953,-22.159307,29.069135
Kill_1954,-22.159328,29.069011
Kill_1955,-22.152515,29.06182
Kill_1956,-22.15188,29.060789
Kill_1957,-22.143439,29.062979
Kill_1958,-22.129578,29.063007
Kill_1959,-22.112503,29.055187
Kill_1960,-22.112641,29.064583
Kill_1961,-22.10693,29.057242
Kill_1962,-22.145589,29.062427
Kill_1963,-22.179637,29.079003
Kill_1964,-22.207314,29.054537
Kill_1965,-22.266289,28.902861
Kill_1966,-22.356129,28.937508
Kill_1967,-22.412225,28.869758
Kill_1968,-22.251164,28.889207
Kill_1969,-22.264774,28.815004
Kill_1970,-22.288857,28.907625
Kill_1971,-22.208469,28.937914
Kill_1972,-22.175356,28.993703
Kill_1973,-22.164676,28.998232
Kill_1974,-22.186099,29.057812
Kill_1975,-22.207104,29.073328
Kill_1976,-22.134392,29.105411
Kill_1977,-22.143546,29.08361
Kill_1978,-22.191238,29.103478
Kill_1979,-22.208557,29.094256
Kill_1980,-22.202008,29.075707
Kill_1981,-22.194033,29.062452
Kill_1982,-22.158314,29.058822
Kill_1983,-22.183017,29.052205
Kill_1984,-22.15623,29.091608
Kill_1985,-22.130941,29.08984
Kill_1986,-22.096091,29.107101
Kill_1987,-22.091967,29.09716
Kill_1988,-22.087329,29.126666
Kill_1989,-22.092336,29.135037
Kill_1990,-22.088867,29.122468
Kill_1991,-22.093667,29.138235
Kill_1992,-22.088015,29.106864
Kill_1993,-22.080555,29.10595
Kill_1994,-22.100968,29.10346
Kill_1995,-22.084799,29.120975
Kill_1996,-22.075279,29.089349
Kill_1997,-22.110156,29.065413
Kill_1998,-22.084836,29.138396
Kill_1999,-22.095149,29.137924
Kill_2000,-22.079665,29.116768
Kill_2001,-22.086493,29.103157
Kill_2002,-22.106523,29.120585
Kill_2003,-22.087659,29.134861
Kill_2004,-22.10747,29.105926
Kill_2005,-22.085384,29.116292
Kill_2006,-22.101362,29.112695
Kill_2007,-22.105164,29.131565
Kill_2008,-22.097519,29.135002
Kill_2009,-22.089908,29.090212
Kill_2010,-22.111672,29.121331
Kill_2011,-22.109314,29.137394
Kill_2012,-22.088601,29.089486
Kill_2013,-22.102382,29.099466
Kill_2014,-22.091203,29.089936
Kill_2015,-22.109158,29.132917
Kill_2016,-22.084031,29.07547
Kill_2017,-22.106632,29.141119
Kill_2018,-22.069288,29.102457
Kill_2019,-22.069354,29.063215
Kill_2020,-22.07987,29.12371
Kill_2021,-22.079543,29.114017
Kill_2022,-22.098036,29.137884
Kill_2023,-22.096112,29.107104
Kill_2024,-22.085406,29.121995
Kill_2025,-22.081219,29.126452
Kill_2026,-22.076928,29.122483
Kill_2027,-22.091978,29.097086
Kill_2028,-22.107635,29.077305
Kill_2029,-22.105807,29.111258
Kill_2030,-22.104678,29.122679
Kill_2031,-22.066475,29.094469
Kill_2032,-22.095666,29.110914
Kill_2033,-22.107397,29.140667
Kill_2034,-22.085056,29.135238
Kill_2035,-22.087789,29.142237
Kill_2036,-22.104563,29.126593
Kill_2037,-22.080834,29.136792
Kill_2038,-22.088997,29.122398
Kill_2039,-22.088084,29.122472
Kill_2040,-22.107114,29.116793
Kill_2041,-22.106231,29.109083
Kill_2042,-22.093969,29.130118
Kill_2043,-22.094588,29.124592
Kill_2044,-22.082951,29.13964
Kill_2045,-22.083402,29.144655
Kill_2046,-22.092521,29.134677
Kill_2047,-22.092618,29.134693
Kill_2048,-22.092627,29.134777
Kill_2049,-22.092618,29.13475
Kill_2050,-22.096535,29.138305
Kill_2051,-22.089628,29.081906
Kill_2052,-22.106025,29.121085
Kill_2053,-22.092957,29.118329
Kill_2054,-22.094908,29.107411
Kill_2055,-22.116946,29.127673
Kill_2056,-22.090856,29.123465
Kill_2057,-22.086847,29.12324
Kill_2058,-22.088913,29.122484
Kill_2059,-22.105726,29.118017
Kill_2060,-22.081346,29.092097
Kill_2061,-22.09369,29.138247
Kill_2062,-22.094967,29.137942
Kill_2063,-22.093648,29.138223
Kill_2064,-22.093712,29.138304
Kill_2065,-22.094603,29.131705
Kill_2066,-22.102506,29.09953
Kill_2067,-22.07938,29.114047
Kill_2068,-22.100755,29.137258
Kill_2069,-22.083834,29.120446
Kill_2070,-22.088386,29.106491
Kill_2071,-22.114013,29.139206
Kill_2072,-22.121307,29.144122
Kill_2073,-22.08054,29.105992
Kill_2074,-22.080982,29.106016
Kill_2075,-22.081419,29.106079
Kill_2076,-22.080565,29.105956
Kill_2077,-22.100234,29.048325
Kill_2078,-22.101962,29.060632
Kill_2079,-22.099918,29.092146
Kill_2080,-22.101609,29.105079
Kill_2081,-22.084466,29.139028
Kill_2082,-22.103084,29.131258
Kill_2083,-22.097518,29.13503
Kill_2084,-22.101011,29.103489
Kill_2085,-22.100973,29.103534
Kill_2086,-22.101706,29.105121
Kill_2087,-22.103938,29.135171
Kill_2088,-22.099107,29.093864
Kill_2089,-22.087305,29.135603
Kill_2090,-22.119604,29.135411
Kill_2091,-22.091604,29.096585
Kill_2092,-22.093329,29.103282
Kill_2093,-22.102194,29.106535
Kill_2094,-22.084302,29.120306
Kill_2095,-22.096954,29.12919
Kill_2096,-22.104703,29.127241
Kill_2097,-22.108627,29.120303
Kill_2098,-22.104248,29.141348
Kill_2099,-22.077021,29.129887
Kill_2100,-22.116548,29.137909
Kill_2101,-22.0911,29.090364
Kill_2102,-22.096384,29.084931
Kill_2103,-22.10312,29.10538
Kill_2104,-22.115171,29.101671
Kill_2105,-22.111862,29.120026
Kill_2106,-22.08193,29.084722
Kill_2107,-22.068158,29.093258
Kill_2108,-22.084383,29.141157
Kill_2109,-22.087851,29.136053
Kill_2110,-22.105456,29.141394
Kill_2111,-22.11422,29.129903
Kill_2112,-22.084306,29.076023
Kill_2113,-22.073105,29.077788
Kill_2114,-22.075482,29.089471
Kill_2115,-22.090175,29.123084
Kill_2116,-22.110101,29.064879
Kill_2117,-22.099565,29.131306
Kill_2118,-22.069594,29.092
Kill_2119,-22.11244,29.091295
Kill_2120,-22.087651,29.134848
Kill_2121,-22.084412,29.138868
Kill_2122,-22.09542,29.137928
Kill_2123,-22.097371,29.103939
Kill_2124,-22.112257,29.109461
Kill_2125,-22.115991,29.126336
Kill_2126,-22.087229,29.086836
Kill_2127,-22.095141,29.137924
Kill_2128,-22.099855,29.069403
Kill_2129,-22.093266,29.153224
Kill_2130,-22.093303,29.100205
Kill_2131,-22.093394,29.114026
Kill_2132,-22.079665,29.116768
Kill_2133,-22.079761,29.116875
Kill_2134,-22.065131,29.095753
Kill_2135,-22.10885,29.139425
Kill_2136,-22.085464,29.151394
Kill_2137,-22.074514,29.119245
Kill_2138,-22.074078,29.118965
Kill_2139,-22.102155,29.146422
Kill_2140,-22.116296,29.115431
Kill_2141,-22.093598,29.141933
Kill_2142,-22.088835,29.08425
Kill_2143,-22.087635,29.13486
Kill_2144,-22.06511,29.119545
Kill_2145,-22.083939,29.087958
Kill_2146,-22.076712,29.123397
Kill_2147,-22.074612,29.12991
Kill_2148,-22.078543,29.132112
Kill_2149,-22.094457,29.090796
Kill_2150,-22.105727,29.086707
Kill_2151,-22.105669,29.086729
Kill_2152,-22.101537,29.105366
Kill_2153,-22.102329,29.146331
Kill_2154,-22.108032,29.10592
Kill_2155,-22.104953,29.111611
Kill_2156,-22.10724,29.120548
Kill_2157,-22.069657,29.092003
Kill_2158,-22.114269,29.115918
Kill_2159,-22.067129,29.135013
Kill_2160,-22.116403,29.172167
Kill_2161,-22.093849,29.146799
Kill_2162,-22.090767,29.133958
Kill_2163,-22.069655,29.091984
Kill_2164,-22.099374,29.121964
Kill_2165,-22.100223,29.086763
Kill_2166,-22.082611,29.087415
Kill_2167,-22.100419,29.106497
Kill_2168,-22.10048,29.106503
Kill_2169,-22.066843,29.126548
Kill_2170,-22.062958,29.111316
Kill_2171,-22.098165,29.075407
Kill_2172,-22.061276,29.11182
Kill_2173,-22.101375,29.112684
Kill_2174,-22.102,29.158072
Kill_2175,-22.061665,29.110209
Kill_2176,-22.074927,29.099705
Kill_2177,-22.113641,29.114712
Kill_2178,-22.083174,29.095402
Kill_2179,-22.080086,29.093982
Kill_2180,-22.077705,29.092903
Kill_2181,-22.096933,29.153316
Kill_2182,-22.106502,29.147312
Kill_2183,-22.110083,29.145048
Kill_2184,-22.063993,29.097165
Kill_2185,-22.085449,29.120725
Kill_2186,-22.084939,29.120438
Kill_2187,-22.085475,29.120541
Kill_2188,-22.10864,29.106531
Kill_2189,-22.10737,29.119435
Kill_2190,-22.119158,29.129741
Kill_2191,-22.116277,29.145498
Kill_2192,-22.115128,29.148813
Kill_2193,-22.103353,29.090655
Kill_2194,-22.097849,29.151943
Kill_2195,-22.086403,29.117746
Kill_2196,-22.097346,29.13531
Kill_2197,-22.097198,29.13598
Kill_2198,-22.098121,29.1345
Kill_2199,-22.091186,29.073406
Kill_2200,-22.080693,29.076661
Kill_2201,-22.08985,29.090125
Kill_2202,-22.089832,29.090048
Kill_2203,-22.110754,29.10901
Kill_2204,-22.110761,29.10901
Kill_2205,-22.09055,29.146518
Kill_2206,-22.06302,29.080865
Kill_2207,-22.111583,29.12135
Kill_2208,-22.11154,29.121541
Kill_2209,-22.074544,29.122798
Kill_2210,-22.078121,29.120881
Kill_2211,-22.08112,29.052932
Kill_2212,-22.104943,29.138352
Kill_2213,-22.073317,29.11688
Kill_2214,-22.116124,29.114578
Kill_2215,-22.115104,29.109249
Kill_2216,-22.103066,29.075102
Kill_2217,-22.059478,29.119093
Kill_2218,-22.093932,29.147845
Kill_2219,-22.092874,29.095874
Kill_2220,-22.109189,29.14485
Kill_2221,-22.099203,29.09032
Kill_2222,-22.101516,29.086863
Kill_2223,-22.105067,29.084492
Kill_2224,-22.106786,29.112881
Kill_2225,-22.095362,29.120995
Kill_2226,-22.097771,29.092716
Kill_2227,-22.11171,29.13318
Kill_2228,-22.109354,29.137302
Kill_2229,-22.093952,29.131571
Kill_2230,-22.073643,29.117687
Kill_2231,-22.071867,29.104963
Kill_2232,-22.078892,29.095856
Kill_2233,-22.088735,29.08923
Kill_2234,-22.086062,29.073581
Kill_2235,-22.104875,29.079876
Kill_2236,-22.115812,29.141367
Kill_2237,-22.097368,29.138462
Kill_2238,-22.092067,29.062277
Kill_2239,-22.117803,29.114256
Kill_2240,-22.069437,29.131914
Kill_2241,-22.062758,29.122311
Kill_2242,-22.067114,29.084683
Kill_2243,-22.112478,29.120373
Kill_2244,-22.099128,29.120976
Kill_2245,-22.083871,29.139273
Kill_2246,-22.083556,29.138936
Kill_2247,-22.069438,29.131905
Kill_2248,-22.11212,29.099774
Kill_2249,-22.110685,29.093772
Kill_2250,-22.053854,29.100054
Kill_2251,-22.104863,29.070773
Kill_2252,-22.103545,29.080787
Kill_2253,-22.103537,29.08078
Kill_2254,-22.088296,29.086831
Kill_2255,-22.087988,29.087234
Kill_2256,-22.076625,29.070336
Kill_2257,-22.066993,29.076222
Kill_2258,-22.111655,29.107939
Kill_2259,-22.081388,29.119095
Kill_2260,-22.058691,29.086593
Kill_2261,-22.083359,29.144657
Kill_2262,-22.097954,29.138251
Kill_2263,-22.087855,29.134724
Kill_2264,-22.060139,29.098537
Kill_2265,-22.080089,29.102348
Kill_2266,-22.078647,29.111133
Kill_2267,-22.10187,29.106458
Kill_2268,-22.093925,29.131203
Kill_2269,-22.093888,29.145861
Kill_2270,-22.06826,29.100678
Kill_2271,-22.054751,29.102039
Kill_2272,-22.10217,29.070721
Kill_2273,-22.099053,29.121145
Kill_2274,-22.083636,29.139024
Kill_2275,-22.085995,29.084809
Kill_2276,-22.08724,29.114444
Kill_2277,-22.06999,29.081908
Kill_2278,-22.102611,29.099165
Kill_2279,-22.102383,29.099427
Kill_2280,-22.095044,29.066642
Kill_2281,-22.060174,29.098728
Kill_2282,-22.084488,29.138482
Kill_2283,-22.069146,29.119365
Kill_2284,-22.100147,29.105631
Kill_2285,-22.110211,29.13548
Kill_2286,-22.107044,29.133314
Kill_2287,-22.109008,29.13335
Kill_2288,-22.10903,29.133345
Kill_2289,-22.10914,29.132919
Kill_2290,-22.0677,29.097191
Kill_2291,-22.069412,29.135178
Kill_2292,-22.078053,29.092141
Kill_2293,-22.061389,29.110007
Kill_2294,-22.082794,29.142222
Kill_2295,-22.114587,29.120811
Kill_2296,-22.086482,29.136672
Kill_2297,-22.06993,29.135606
Kill_2298,-22.088965,29.138964
Kill_2299,-22.084196,29.075515
Kill_2300,-22.077306,29.081268
Kill_2301,-22.092993,29.15817
Kill_2302,-22.1,29.078842
Kill_2303,-22.065828,29.089715
Kill_2304,-22.095517,29.111646
Kill_2305,-22.106848,29.141145
Kill_2306,-22.106392,29.14146
Kill_2307,-22.100978,29.103433
Kill_2308,-22.062974,29.083404
Kill_2309,-22.066579,29.075446
Kill_2310,-22.103879,29.120915
Kill_2311,-22.069779,29.118546
Kill_2312,-22.078962,29.085486
Kill_2313,-22.109241,29.105801
Kill_2314,-22.099204,29.117548
Kill_2315,-22.093131,29.068671
Kill_2316,-22.101554,29.104083
Kill_2317,-22.109436,29.138658
Kill_2318,-22.092977,29.132581
Kill_2319,-22.076421,29.077078
Kill_2320,-22.076406,29.077114
Kill_2321,-22.091406,29.113236
Kill_2322,-22.08949,29.114935
Kill_2323,-22.092315,29.098668
Kill_2324,-22.075955,29.075236
Kill_2325,-22.057837,29.088697
Kill_2326,-22.059283,29.087985
Kill_2327,-22.05876,29.088592
Kill_2328,-22.114099,29.128268
Kill_2329,-22.091805,29.067822
Kill_2330,-22.086661,29.075111
Kill_2331,-22.086713,29.077583
Kill_2332,-22.083172,29.092347
Kill_2333,-22.105804,29.147896
Kill_2334,-22.065195,29.134702
Kill_2335,-22.068321,29.092722
Kill_2336,-22.070173,29.085692
Kill_2337,-22.070228,29.085694
Kill_2338,-22.060809,29.073231
Kill_2339,-22.097913,29.070996
Kill_2340,-22.060844,29.114826
Kill_2341,-22.08038,29.068305
Kill_2342,-22.091196,29.090219
Kill_2343,-22.091206,29.09021
Kill_2344,-22.080403,29.148664
Kill_2345,-22.073405,29.136828
Kill_2346,-22.05683,29.113926
Kill_2347,-22.059574,29.068593
Kill_2348,-22.060337,29.070306
Kill_2349,-22.101787,29.073546
Kill_2350,-22.060144,29.078469
Kill_2351,-22.060158,29.078435
Kill_2352,-22.083391,29.134937
Kill_2353,-22.083411,29.134927
Kill_2354,-22.084968,29.115338
Kill_2355,-22.069332,29.102449
Kill_2356,-22.068118,29.100071
Kill_2357,-22.090946,29.079621
Kill_2358,-22.08889,29.154252
Kill_2359,-22.134643,29.031155
Kill_2360,-22.121757,29.044781
Kill_2361,-22.109219,29.057161
Kill_2362,-22.127258,29.051099
Kill_2363,-22.191869,28.960612
Kill_2364,-22.194993,28.960816
Kill_2365,-22.149043,29.056303
Kill_2366,-22.126977,29.053148
Kill_2367,-22.161569,29.042632
Kill_2368,-22.153034,29.249548
Kill_2369,-22.083822,29.206656
Kill_2370,-22.058812,29.168256
Kill_2371,-22.110069,29.096304
Kill_2372,-22.076173,29.122336
Kill_2373,-22.069301,29.171185
Kill_2374,-22.152127,29.231054
Kill_2375,-22.122675,29.209491
Kill_2376,-22.092399,29.194955
Kill_2377,-22.155902,29.224774
Kill_2378,-22.134104,29.201226
Kill_2379,-22.111381,29.210017
Kill_2380,-22.147303,29.165786
Kill_2381,-22.107377,29.211939
Kill_2382,-22.133924,29.20513
Kill_2383,-22.10446,29.174441
Kill_2384,-22.11693,29.178937
Kill_2385,-22.12886,29.049044
Kill_2386,-22.117682,29.062396
Kill_2387,-22.153647,29.059735
Kill_2388,-22.151273,29.070185
Kill_2389,-22.144763,29.073674
Kill_2390,-22.11718,29.064405
Kill_2391,-22.123376,29.053925
Kill_2392,-22.129024,29.051779
Kill_2393,-22.118421,29.053441
Kill_2394,-22.155357,29.054977
Kill_2395,-22.122617,29.057047
Kill_2396,-22.135962,29.043027
Kill_2397,-22.135906,29.043115
Kill_2398,-22.146459,29.054156
Kill_2399,-22.146489,29.054175
Kill_2400,-22.117714,29.059746
Kill_2401,-22.105615,29.062732
Kill_2402,-22.119926,29.033602
Kill_2403,-22.133678,29.031644
Kill_2404,-22.113811,29.048655
Kill_2405,-22.112387,29.050074
Kill_2406,-22.138971,29.058508
Kill_2407,-22.134305,29.055808
Kill_2408,-22.146475,29.047384
Kill_2409,-22.119803,29.0669
Kill_2410,-22.112388,29.067662
Kill_2411,-22.110071,29.06438
Kill_2412,-22.10346,29.067719
Kill_2413,-22.1033,29.065817
Kill_2414,-22.116729,29.07027
Kill_2415,-22.117352,29.06889
Kill_2416,-22.10689,29.064127
Kill_2417,-22.107649,29.052695
Kill_2418,-22.111003,29.042992
Kill_2419,-22.111436,29.03589
Kill_2420,-22.129143,29.032208
Kill_2421,-22.103606,29.034452
Kill_2422,-22.108916,29.057161
Kill_2423,-22.10834,29.057256
Kill_2424,-22.109276,29.056898
Kill_2425,-22.10969,29.057531
Kill_2426,-22.11757,29.038563
Kill_2427,-22.124356,29.048211
Kill_2428,-22.127225,29.051114
Kill_2429,-22.127845,29.051308
Kill_2430,-22.160364,29.020639
Kill_2431,-22.147601,29.041222
Kill_2432,-22.099399,29.074185
Kill_2433,-22.110325,29.074503
Kill_2434,-22.116763,29.038251
Kill_2435,-22.191777,28.960704
Kill_2436,-22.19186,28.960235
Kill_2437,-22.188303,28.925954
Kill_2438,-22.106595,29.057479
Kill_2439,-22.119984,29.077181
Kill_2440,-22.136238,29.072899
Kill_2441,-22.150124,29.076712
Kill_2442,-22.132222,29.088051
Kill_2443,-22.127335,29.057993
Kill_2444,-22.107124,29.067946
Kill_2445,-22.128376,29.055784
Kill_2446,-22.131141,29.055659
Kill_2447,-22.133247,29.04778
Kill_2448,-22.109798,29.077065
Kill_2449,-22.136379,29.081311
Kill_2450,-22.142355,29.084274
Kill_2451,-22.164134,29.085672
Kill_2452,-22.163817,29.083637
Kill_2453,-22.147759,29.057227
Kill_2454,-22.147762,29.057254
Kill_2455,-22.12708,29.052786
Kill_2456,-22.126834,29.053048
Kill_2457,-22.121366,29.032939
Kill_2458,-22.111975,29.038963
Kill_2459,-22.1063,29.057651
Kill_2460,-22.119273,29.076777
Kill_2461,-22.119269,29.076788
Kill_2462,-22.119741,29.076932
Kill_2463,-22.131393,29.065148
Kill_2464,-22.149239,29.050178
Kill_2465,-22.159595,29.042573
Kill_2466,-22.162525,29.043899
Kill_2467,-22.16349,29.055294
Kill_2468,-22.15282,29.061433
Kill_2469,-22.118893,29.053717
Kill_2470,-22.102837,29.086233
Kill_2471,-22.10197,29.097704
Kill_2472,-22.06496,29.211856
Kill_2473,-22.153134,29.249465
Kill_2474,-22.152332,29.248764
Kill_2475,-22.152705,29.249212
Kill_2476,-22.152674,29.249239
Kill_2477,-22.169998,29.341196
Kill_2478,-22.178948,29.230301
Kill_2479,-22.149034,29.216629
Kill_2480,-22.123874,29.195411
Kill_2481,-22.108073,29.210096
Kill_2482,-22.106339,29.208264
Kill_2483,-22.106352,29.208346
Kill_2484,-22.107232,29.209154
Kill_2485,-22.114264,29.230073
Kill_2486,-22.114206,29.225741
Kill_2487,-22.11536,29.223321
Kill_2488,-22.089371,29.230019
Kill_2489,-22.058952,29.219423
Kill_2490,-22.055865,29.220335
Kill_2491,-22.078359,29.177073
Kill_2492,-22.055071,29.10822
Kill_2493,-22.11366,29.224758
Kill_2494,-22.083454,29.206728
Kill_2495,-22.084083,29.206509
Kill_2496,-22.073912,29.19463
Kill_2497,-22.058402,29.167378
Kill_2498,-22.058663,29.168218
Kill_2499,-22.05866,29.168316
Kill_2500,-22.102632,29.097828
Kill_2501,-22.110246,29.095433
Kill_2502,-22.110156,29.095524
Kill_2503,-22.121064,29.098525
Kill_2504,-22.125293,29.09689
Kill_2505,-22.095014,29.075053
Kill_2506,-22.102576,29.099152
Kill_2507,-22.10207,29.099746
Kill_2508,-22.102646,29.099192
Kill_2509,-22.103337,29.091097
Kill_2510,-22.084953,29.19436
Kill_2511,-22.081878,29.11858
Kill_2512,-22.076446,29.122489
Kill_2513,-22.078024,29.121014
Kill_2514,-22.076326,29.122419
Kill_2515,-22.08744,29.117959
Kill_2516,-22.070568,29.136392
Kill_2517,-22.069542,29.130397
Kill_2518,-22.109166,29.101548
Kill_2519,-22.108694,29.101335
Kill_2520,-22.058542,29.141642
Kill_2521,-22.065184,29.134832
Kill_2522,-22.091055,29.201869
Kill_2523,-22.116052,29.216398
Kill_2524,-22.078245,29.144554
Kill_2525,-22.127771,29.079404
Kill_2526,-22.106071,29.08877
Kill_2527,-22.08624,29.189727
Kill_2528,-22.094065,29.199048
Kill_2529,-22.084824,29.223373
Kill_2530,-22.105417,29.204164
Kill_2531,-22.074478,29.255052
Kill_2532,-22.112728,29.237223
Kill_2533,-22.136122,29.224909
Kill_2534,-22.149966,29.223081
Kill_2535,-22.15218,29.231138
Kill_2536,-22.152047,29.231179
Kill_2537,-22.150277,29.231285
Kill_2538,-22.138971,29.23085
Kill_2539,-22.097426,29.220709
Kill_2540,-22.101384,29.217253
Kill_2541,-22.114804,29.207163
Kill_2542,-22.121759,29.208699
Kill_2543,-22.108487,29.209567
Kill_2544,-22.108411,29.209604
Kill_2545,-22.137999,29.210264
Kill_2546,-22.139373,29.211466
Kill_2547,-22.142104,29.213652
Kill_2548,-22.125726,29.196774
Kill_2549,-22.111601,29.197171
Kill_2550,-22.092786,29.194906
Kill_2551,-22.092791,29.194923
Kill_2552,-22.092118,29.194909
Kill_2553,-22.092383,29.194948
Kill_2554,-22.134626,29.20725
Kill_2555,-22.156647,29.20918
Kill_2556,-22.167901,29.22281
Kill_2557,-22.155769,29.224313
Kill_2558,-22.110429,29.209767
Kill_2559,-22.133793,29.199023
Kill_2560,-22.14077,29.214359
Kill_2561,-22.11687,29.19428
Kill_2562,-22.13152,29.224817
Kill_2563,-22.1681,29.224835
Kill_2564,-22.155109,29.224241
Kill_2565,-22.154115,29.223949
Kill_2566,-22.149074,29.222537
Kill_2567,-22.144178,29.190583
Kill_2568,-22.122761,29.213926
Kill_2569,-22.136564,29.207223
Kill_2570,-22.116694,29.212977
Kill_2571,-22.132593,29.199902
Kill_2572,-22.130654,29.211644
Kill_2573,-22.117241,29.207517
Kill_2574,-22.111487,29.210142
Kill_2575,-22.11051,29.206594
Kill_2576,-22.144109,29.191211
Kill_2577,-22.148164,29.191816
Kill_2578,-22.134577,29.198881
Kill_2579,-22.147057,29.185261
Kill_2580,-22.137566,29.192652
Kill_2581,-22.134061,29.199816
Kill_2582,-22.128409,29.177699
Kill_2583,-22.133435,29.19967
Kill_2584,-22.132826,29.202249
Kill_2585,-22.121517,29.206395
Kill_2586,-22.120246,29.18944
Kill_2587,-22.145989,29.173197
Kill_2588,-22.166967,29.198203
Kill_2589,-22.145491,29.165104
Kill_2590,-22.147403,29.165639
Kill_2591,-22.147303,29.165786
Kill_2592,-22.144896,29.168321
Kill_2593,-22.145064,29.163227
Kill_2594,-22.145017,29.163267
Kill_2595,-22.110941,29.198098
Kill_2596,-22.130572,29.178619
Kill_2597,-22.125266,29.173489
Kill_2598,-22.109944,29.185525
Kill_2599,-22.112053,29.192315
Kill_2600,-22.110485,29.195821
Kill_2601,-22.125584,29.197612
Kill_2602,-22.127948,29.180232
Kill_2603,-22.124223,29.151845
Kill_2604,-22.122951,29.15762
Kill_2605,-22.12106,29.166563
Kill_2606,-22.124681,29.199543
Kill_2607,-22.114525,29.178286
Kill_2608,-22.116816,29.212619
Kill_2609,-22.123212,29.136106
Kill_2610,-22.130126,29.17921
Kill_2611,-22.13402,29.205007
Kill_2612,-22.133981,29.204954
Kill_2613,-22.133958,29.204995
Kill_2614,-22.113013,29.179298
Kill_2615,-22.1193,29.173943
Kill_2616,-22.112119,29.168929
Kill_2617,-22.11467,29.156943
Kill_2618,-22.118426,29.139943
Kill_2619,-22.103597,29.169017
Kill_2620,-22.100235,29.176287
Kill_2621,-22.101198,29.171596
Kill_2622,-22.107981,29.19592
Kill_2623,-22.107838,29.190065
Kill_2624,-22.09991,29.179681
Kill_2625,-22.116986,29.178946
Kill_2626,-22.113567,29.179237
Kill_2627,-22.119907,29.154368
Kill_2628,-22.125103,29.13753
Kill_2629,-22.117931,29.161194
Kill_2630,-22.119736,29.157439
Kill_2631,-22.120005,29.157716
Kill_2632,-22.120031,29.157643
Kill_2633,-22.120842,29.155357
Kill_2634,-22.090818,29.169005
Kill_2635,-22.132385,29.17758
Kill_2636,-22.114489,29.173844
Kill_2637,-22.115682,29.179543
Kill_2638,-22.102637,29.159643
Kill_2639,-22.102768,29.159595
Kill_2640,-22.102771,29.159585
Kill_2641,-22.102702,29.159564
Kill_2642,-22.106771,29.16052
Kill_2643,-22.124052,29.148149
Kill_2644,-22.117849,29.218325
Kill_2645,-22.064083,29.070841
Kill_2646,-22.053137,29.099587
Kill_2647,-22.114153,29.076124
Kill_2648,-22.067765,29.061532
Kill_2649,-22.088611,29.161967
Kill_2650,-22.121115,29.153822
Kill_2651,-22.105838,29.22343
Kill_2652,-22.114288,29.221093
Kill_2653,-22.113196,29.233353
Kill_2654,-22.08525,29.194929
Kill_2655,-22.141734,29.158214
Kill_2656,-22.194245,29.178852
Kill_2657,-22.151917,29.146667
Kill_2658,-22.162367,29.188617
Kill_2659,-22.181067,29.20975
Kill_2660,-22.215383,29.149633
Kill_2661,-22.161297,29.165362
Kill_2662,-22.192098,29.148347
Kill_2663,-22.161624,29.178347
Kill_2664,-22.161249,29.183265
Kill_2665,-22.214686,29.152882
Kill_2666,-22.141082,29.132273
Kill_2667,-22.141808,29.158348
Kill_2668,-22.174223,29.213535
Kill_2669,-22.140681,29.156311
Kill_2670,-22.138526,29.152133
Kill_2671,-22.170088,29.124664
Kill_2672,-22.190621,29.181809
Kill_2673,-22.190192,29.182225
Kill_2674,-22.182393,29.203017
Kill_2675,-22.125164,29.148491
Kill_2676,-22.214231,29.153729
Kill_2677,-22.138084,29.174977
Kill_2678,-22.203429,29.1553
Kill_2679,-22.194725,29.130841
Kill_2680,-22.180927,29.195473
Kill_2681,-22.14405,29.15695
Kill_2682,-22.144033,29.156917
Kill_2683,-22.129617,29.187167
Kill_2684,-22.128367,29.189183
Kill_2685,-22.176567,29.220783
Kill_2686,-22.1801,29.174333
Kill_2687,-22.181517,29.171267
Kill_2688,-22.195767,29.136517
Kill_2689,-22.14375,29.120017
Kill_2690,-22.152217,29.145033
Kill_2691,-22.142767,29.138633
Kill_2692,-22.13115,29.128367
Kill_2693,-22.117983,29.153833
Kill_2694,-22.129617,29.1876
Kill_2695,-22.135133,29.19885
Kill_2696,-22.176767,29.192167
Kill_2697,-22.176783,29.192217
Kill_2698,-22.151983,29.146633
Kill_2699,-22.14395,29.125217
Kill_2700,-22.14995,29.148667
Kill_2701,-22.120883,29.1744
Kill_2702,-22.129667,29.186633
Kill_2703,-22.129717,29.1875
Kill_2704,-22.124183,29.18265
Kill_2705,-22.144,29.120133
Kill_2706,-22.170283,29.19075
Kill_2707,-22.129683,29.187483
Kill_2708,-22.15065,29.185033
Kill_2709,-22.175333,29.126667
Kill_2710,-22.176533,29.129433
Kill_2711,-22.174867,29.126783
Kill_2712,-22.154083,29.119583
Kill_2713,-22.155433,29.11725
Kill_2714,-22.1551,29.1173
Kill_2715,-22.143633,29.1195
Kill_2716,-22.156667,29.177867
Kill_2717,-22.152433,29.145483
Kill_2718,-22.119183,29.163683
Kill_2719,-22.12615,29.155467
Kill_2720,-22.021724,28.987585
Kill_2721,-22.005254,28.995817
Kill_2722,-22.032788,28.976921
Kill_2723,-22.029101,28.992158
Kill_2724,-22.072336,28.956399
Kill_2725,-22.042324,28.993788
Kill_2726,-22.004426,28.997934
Kill_2727,-22.031474,29.007365
Kill_2728,-22.023265,28.997024
Kill_2729,-22.029382,28.986652
Kill_2730,-22.040202,28.988725
Kill_2731,-22.038953,28.98672
Kill_2732,-22.037774,28.994398
Kill_2733,-22.044731,28.983819
Kill_2734,-22.027459,28.990729
Kill_2735,-22.043112,28.971958
Kill_2736,-22.044999,29.001828
Kill_2737,-22.021347,29.011898
Kill_2738,-22.035576,29.015227
Kill_2739,-22.023819,29.010311
Kill_2740,-22.044246,28.981893
Kill_2741,-22.005199,28.995855
Kill_2742,-22.042152,28.994874
Kill_2743,-22.04716,28.996942
Kill_2744,-22.043149,29.007646
Kill_2745,-22.048731,29.00601
Kill_2746,-22.034305,29.013517
Kill_2747,-22.001214,28.990684
Kill_2748,-22.043337,28.977018
Kill_2749,-22.023311,28.998226
Kill_2750,-21.997298,28.994496
Kill_2751,-22.027504,28.983818
Kill_2752,-22.037643,28.98014
Kill_2753,-22.039018,28.992577
Kill_2754,-22.036316,28.995861
Kill_2755,-22.006187,29.008732
Kill_2756,-22.046705,28.975265
Kill_2757,-22.038177,28.980792
Kill_2758,-22.038073,28.980233
Kill_2759,-22.022776,28.989138
Kill_2760,-22.043549,28.978038
Kill_2761,-22.037631,28.980985
Kill_2762,-22.012116,28.999098
Kill_2763,-22.045774,28.973894
Kill_2764,-22.034378,28.976086
Kill_2765,-22.045809,28.973056
Kill_2766,-22.038375,28.99288
Kill_2767,-22.033264,29.003341
Kill_2768,-22.018994,28.989698
Kill_2769,-22.032138,28.980236
Kill_2770,-22.004583,28.994951
Kill_2771,-22.018961,28.998431
Kill_2772,-22.019481,28.992334
Kill_2773,-22.072336,28.956399
Kill_2774,-22.042511,28.99487
Kill_2775,-22.036805,28.985048
Kill_2776,-22.043069,29.006378
Kill_2777,-22.129432,29.071369
Kill_2778,-22.132009,29.05901
Kill_2779,-22.140811,29.061041
Kill_2780,-22.129146,29.041294
Kill_2781,-22.136643,29.078484
Kill_2782,-22.135285,29.065415
Kill_2783,-22.143299,29.055691
Kill_2784,-22.113712,29.068858
Kill_2785,-22.129685,29.020259
Kill_2786,-22.12925,29.071715
Kill_2787,-22.123154,29.074105
Kill_2788,-22.123012,29.074046
Kill_2789,-22.143674,29.055488
Kill_2790,-22.137616,29.046591
Kill_2791,-22.137057,29.059367
Kill_2792,-22.121734,29.077729
Kill_2793,-22.11879,29.054831
Kill_2794,-22.129963,29.076173
Kill_2795,-22.122841,29.068472
Kill_2796,-22.135589,29.062834
Kill_2797,-22.134508,29.060372
Kill_2798,-22.134446,29.060425
Kill_2799,-22.134364,29.060387
Kill_2800,-22.122076,29.068486
Kill_2801,-22.125558,29.055933
Kill_2802,-22.129146,29.041294
Kill_2803,-22.132234,29.044654
Kill_2804,-22.122377,29.074887
Kill_2805,-22.137228,29.040215
Kill_2806,-22.128646,29.071807
Kill_2807,-22.125587,29.076107
Kill_2808,-22.123892,29.072128
Kill_2809,-22.118837,29.054983
Kill_2810,-22.128774,29.037035
Kill_2811,-22.127145,29.037695
Kill_2812,-22.12445,29.076644
Kill_2813,-22.133239,29.074652
Kill_2814,-22.137026,29.078759
Kill_2815,-22.129985,29.051899
Kill_2816,-22.124952,29.058014
Kill_2817,-22.11952,29.069223
Kill_2818,-22.132095,29.076669
Kill_2819,-22.118069,29.096139
Kill_2820,-22.136732,29.07189
Kill_2821,-22.12311,29.078818
Kill_2822,-22.12353,29.076624
Kill_2823,-22.121963,29.075851
Kill_2824,-22.130691,29.055585
Kill_2825,-22.121864,29.07706
Kill_2826,-22.114704,29.068802
Kill_2827,-22.12259,29.057711
Kill_2828,-22.143062,29.056257
Kill_2829,-22.147322,29.058878
Kill_2830,-22.14899,29.05798
Kill_2831,-22.135624,29.061115
Kill_2832,-22.124248,29.084695
Kill_2833,-22.122501,29.045098
Kill_2834,-22.122256,29.067662
Kill_2835,-22.11841,29.074928
Kill_2836,-22.120853,29.084655
Kill_2837,-22.129262,29.075989
Kill_2838,-22.11327,29.053461
Kill_2839,-22.117235,29.071988
Kill_2840,-22.147183,29.064144
Kill_2841,-22.135315,29.065462
Kill_2842,-22.135321,29.06544
Kill_2843,-22.140006,29.061267
Kill_2844,-22.134093,29.069803
Kill_2845,-22.13944,29.053614
Kill_2846,-22.124547,29.038141
Kill_2847,-22.136827,29.059555
Kill_2848,-22.140107,29.062828
Kill_2849,-22.118636,29.067866
Kill_2850,-22.121906,29.060162
Kill_2851,-22.143299,29.055691
Kill_2852,-22.120153,29.059264
Kill_2853,-22.132857,29.044233
Kill_2854,-22.133168,29.044446
Kill_2855,-22.124939,29.057976
Kill_2856,-22.132023,29.050449
Kill_2857,-22.121138,29.06044
Kill_2858,-22.116371,29.070764
Kill_2859,-22.133446,29.04953
Kill_2860,-22.133767,29.044624
Kill_2861,-22.131193,29.055732
Kill_2862,-22.121771,29.065644
Kill_2863,-22.1139,29.069273
Kill_2864,-22.121416,29.057931
Kill_2865,-22.122476,29.055359
Kill_2866,-22.12659,29.071678
Kill_2867,-22.128716,29.037076
Kill_2868,-22.136153,29.030105
Kill_2869,-22.124288,29.031133
Kill_2870,-22.088847,29.005586
Kill_2871,-22.112829,29.053855
Kill_2872,-22.12415,29.069436
Kill_2873,-22.1217,29.074312
Kill_2874,-22.115882,29.089768
Kill_2875,-22.105499,29.01335
Kill_2876,-22.115961,29.009389
Kill_2877,-22.105221,29.04338
Kill_2878,-22.093911,29.01473
Kill_2879,-22.107461,29.036149
Kill_2880,-22.136831,29.05245
Kill_2881,-22.127651,29.01933
Kill_2882,-22.09267,29.016331
Kill_2883,-22.10673,29.049379
Kill_2884,-22.113021,29.052861
Kill_2885,-22.11123,29.050041
Kill_2886,-22.110201,29.046999
Kill_2887,-22.09102,29.01839
Kill_2888,-22.10945,29.04565
Kill_2889,-22.115371,29.00954
Kill_2890,-22.126249,29.052549
Kill_2891,-22.13504,29.047239
Kill_2892,-22.13547,29.02477
Kill_2893,-22.120119,29.048409
Kill_2894,-22.12631,29.040481
Kill_2895,-22.091431,29.036261
Kill_2896,-22.110421,29.045331
Kill_2897,-22.10376,29.043081
Kill_2898,-22.10413,29.04435
Kill_2899,-22.089569,29.03116
Kill_2900,-22.13068,29.030739
Kill_2901,-22.124451,29.03103
Kill_2902,-22.12122,29.03137
Kill_2903,-22.12947,29.030839
Kill_2904,-22.12429,29.031181
Kill_2905,-22.117731,29.00281
Kill_2906,-22.107389,29.045791
Kill_2907,-22.13162,29.043671
Kill_2908,-22.09608,29.041541
Kill_2909,-22.049259,29.0612
Kill_2910,-22.072729,29.005001
Kill_2911,-22.07229,29.006051
Kill_2912,-22.11295,29.050871
Kill_2913,-22.099801,29.037191
Kill_2914,-22.101001,29.038509
Kill_2915,-22.118349,29.04561
Kill_2916,-22.118339,29.050171
Kill_2917,-22.103849,29.03913
Kill_2918,-22.10887,29.02267
Kill_2919,-22.12238,29.02455
Kill_2920,-22.1383,29.00965
Kill_2921,-22.148291,28.999101
Kill_2922,-22.115841,29.0394
Kill_2923,-22.1126,29.0336
Kill_2924,-22.09777,29.00296
Kill_2925,-22.10638,29.01451
Kill_2926,-22.10757,29.016589
Kill_2927,-22.11263,29.019961
Kill_2928,-22.102549,29.031651
Kill_2929,-22.123899,29.03938
Kill_2930,-22.136629,29.052281
Kill_2931,-22.13681,29.052521
Kill_2932,-22.112219,29.007619
Kill_2933,-22.091239,29.00651
Kill_2934,-22.11413,29.01719
Kill_2935,-22.11122,28.98867
Kill_2936,-22.09351,29.01204
Kill_2937,-22.11237,29.052439
Kill_2938,-22.10836,29.00613
Kill_2939,-22.091191,29.018579
Kill_2940,-22.12713,29.052991
Kill_2941,-22.129041,29.02312
Kill_2942,-22.113979,29.034831
Kill_2943,-22.12042,29.050171
Kill_2944,-22.12616,29.027401
Kill_2945,-22.12242,29.033459
Kill_2946,-22.120479,29.00555
Kill_2947,-22.12121,29.031521
Kill_2948,-22.118109,29.054079
Kill_2949,-22.09082,29.040131
Kill_2950,-22.084399,29.03148
Kill_2951,-22.1269,29.037071
Kill_2952,-22.108809,29.00542
Kill_2953,-22.138859,29.04719
Kill_2954,-22.12262,29.033061
Kill_2955,-22.110901,29.04726
Kill_2956,-22.09507,29.01437
Kill_2957,-22.10481,29.03056
Kill_2958,-22.10744,29.036149
Kill_2959,-22.123391,29.04054
Kill_2960,-22.128931,29.039681
Kill_2961,-22.1269,29.037071
Kill_2962,-22.10898,29.046179
Kill_2963,-22.113011,29.099001
Kill_2964,-22.129166,29.041363
Kill_2965,-22.146861,29.060222
Kill_2966,-22.143807,29.119685
Kill_2967,-22.143167,29.139237
Kill_2968,-22.142987,29.026787
Kill_2969,-22.104408,29.051061
Kill_2970,-22.137658,29.046474
Kill_2971,-22.149927,29.045745
Kill_2972,-22.154198,29.074573
Kill_2973,-22.137756,29.07427
Kill_2974,-22.11577,29.053293
Kill_2975,-22.149247,29.120526
Kill_2976,-22.105496,29.080769
Kill_2977,-22.102262,29.097144
Kill_2978,-22.168302,29.091982
Kill_2979,-22.155834,29.090097
Kill_2980,-22.112064,29.038989
Kill_2981,-22.128095,29.095892
Kill_2982,-22.123666,29.136664
Kill_2983,-22.140879,29.119312
Kill_2984,-22.127057,29.053247
Kill_2985,-22.144227,29.138962
Kill_2986,-22.158194,29.091792
Kill_2987,-22.121937,29.05811
Kill_2988,-22.107164,29.109191
Kill_2989,-22.104258,29.078555
Kill_2990,-22.146638,29.060499
Kill_2991,-22.146879,29.060149
Kill_2992,-22.117664,29.091417
Kill_2993,-22.142221,29.12715
Kill_2994,-22.131268,29.09793
Kill_2995,-22.109173,29.101584
Kill_2996,-22.116565,29.10468
Kill_2997,-22.143504,29.119854
Kill_2998,-22.148373,29.075563
Kill_2999,-22.124785,29.126988
Kill_3000,-22.127281,29.068859
Kill_3001,-22.100681,29.082029
Kill_3002,-22.121592,29.045234
Kill_3003,-22.143102,29.139252
Kill_3004,-22.143489,29.11987
Kill_3005,-22.112148,29.055387
Kill_3006,-22.138429,29.120466
Kill_3007,-22.14009,29.040878
Kill_3008,-22.137567,29.044183
Kill_3009,-22.142969,29.02671
Kill_3010,-22.111779,29.062813
Kill_3011,-22.120061,29.042813
Kill_3012,-22.108886,29.062967
Kill_3013,-22.104428,29.051102
Kill_3014,-22.121123,29.134396
Kill_3015,-22.12281,29.071905
Kill_3016,-22.147306,29.045365
Kill_3017,-22.141918,29.084665
Kill_3018,-22.131385,29.098864
Kill_3019,-22.143903,29.119956
Kill_3020,-22.089333,29.094087
Kill_3021,-22.094308,29.103344
Kill_3022,-22.109149,29.056977
Kill_3023,-22.109086,29.056882
Kill_3024,-22.091354,29.101262
Kill_3025,-22.128151,29.03168
Kill_3026,-22.115575,29.044088
Kill_3027,-22.130415,29.102493
Kill_3028,-22.111093,29.109478
Kill_3029,-22.111137,29.109471
Kill_3030,-22.105719,29.111675
Kill_3031,-22.105822,29.11153
Kill_3032,-22.108634,29.108428
Kill_3033,-22.127373,29.07642
Kill_3034,-22.129704,29.099483
Kill_3035,-22.129734,29.099579
Kill_3036,-22.149951,29.045711
Kill_3037,-22.154556,29.042006
Kill_3038,-22.149949,29.045741
Kill_3039,-22.144673,29.119987
Kill_3040,-22.143549,29.119932
Kill_3041,-22.143956,29.032434
Kill_3042,-22.111085,29.059081
Kill_3043,-22.124679,29.069045
Kill_3044,-22.115621,29.12441
Kill_3045,-22.154144,29.074661
Kill_3046,-22.105168,29.076179
Kill_3047,-22.153876,29.031018
Kill_3048,-22.127718,29.031684
Kill_3049,-22.119063,29.017474
Kill_3050,-22.130913,29.010441
Kill_3051,-22.151472,29.087126
Kill_3052,-22.154025,29.058809
Kill_3053,-22.11626,29.125551
Kill_3054,-22.120598,29.025656
Kill_3055,-22.117423,29.021246
Kill_3056,-22.15446,29.042437
Kill_3057,-22.127779,29.031726
Kill_3058,-22.119694,29.067663
Kill_3059,-22.100798,29.096816
Kill_3060,-22.156304,29.104882
Kill_3061,-22.144687,29.073826
Kill_3062,-22.127725,29.110594
Kill_3063,-22.141822,29.127673
Kill_3064,-22.130728,29.103928
Kill_3065,-22.118538,29.033162
Kill_3066,-22.130434,29.104577
Kill_3067,-22.129616,29.101244
Kill_3068,-22.130784,29.102088
Kill_3069,-22.145021,29.033945
Kill_3070,-22.160731,29.044491
Kill_3071,-22.127493,29.031719
Kill_3072,-22.137795,29.074401
Kill_3073,-22.103998,29.077461
Kill_3074,-22.13547,29.120489
Kill_3075,-22.129597,29.105143
Kill_3076,-22.105538,29.115583
Kill_3077,-22.112241,29.073102
Kill_3078,-22.110318,29.086799
Kill_3079,-22.131712,29.039691
Kill_3080,-22.118936,29.048356
Kill_3081,-22.114825,29.053198
Kill_3082,-22.114142,29.054211
Kill_3083,-22.153471,29.059463
Kill_3084,-22.093634,29.094869
Kill_3085,-22.121031,29.062767
Kill_3086,-22.152802,29.039055
Kill_3087,-22.157183,29.050282
Kill_3088,-22.163197,29.06712
Kill_3089,-22.156036,29.06301
Kill_3090,-22.111727,29.089564
Kill_3091,-22.131134,29.119632
Kill_3092,-22.149151,29.120979
Kill_3093,-22.149509,29.119992
Kill_3094,-22.103143,29.07659
Kill_3095,-22.151664,29.071107
Kill_3096,-22.136681,29.063549
Kill_3097,-22.121572,29.072922
Kill_3098,-22.14544,29.115808
Kill_3099,-22.096669,29.0665
Kill_3100,-22.102398,29.097627
Kill_3101,-22.1022,29.097189
Kill_3102,-22.112539,29.036481
Kill_3103,-22.158652,29.098269
Kill_3104,-22.155826,29.089996
Kill_3105,-22.15583,29.090071
Kill_3106,-22.158238,29.089943
Kill_3107,-22.135161,29.073902
Kill_3108,-22.120353,29.08158
Kill_3109,-22.140904,29.098386
Kill_3110,-22.120274,29.095449
Kill_3111,-22.118769,29.098314
Kill_3112,-22.118835,29.098389
Kill_3113,-22.118771,29.098488
Kill_3114,-22.118841,29.098352
Kill_3115,-22.118937,29.098266
Kill_3116,-22.129599,29.101236
Kill_3117,-22.128053,29.103035
Kill_3118,-22.143858,29.120141
Kill_3119,-22.143331,29.120792
Kill_3120,-22.136024,29.071113
Kill_3121,-22.115507,29.044075
Kill_3122,-22.112291,29.056643
Kill_3123,-22.112264,29.056756
Kill_3124,-22.11244,29.056922
Kill_3125,-22.100813,29.059089
Kill_3126,-22.10068,29.059107
Kill_3127,-22.100757,29.059063
Kill_3128,-22.100801,29.059119
Kill_3129,-22.129365,29.100287
Kill_3130,-22.105893,29.084786
Kill_3131,-22.10399,29.078708
Kill_3132,-22.116649,29.068004
Kill_3133,-22.116726,29.067753
Kill_3134,-22.116638,29.068027
Kill_3135,-22.129269,29.109246
Kill_3136,-22.130939,29.106832
Kill_3137,-22.128059,29.100507
Kill_3138,-22.12986,29.101926
Kill_3139,-22.129372,29.100878
Kill_3140,-22.129897,29.101802
Kill_3141,-22.129831,29.101741
Kill_3142,-22.129944,29.101861
Kill_3143,-22.129122,29.100134
Kill_3144,-22.145454,29.115797
Kill_3145,-22.141976,29.139455
Kill_3146,-22.125027,29.147183
Kill_3147,-22.126192,29.142037
Kill_3148,-22.126333,29.144406
Kill_3149,-22.066475,29.074587
Kill_3150,-22.071387,29.100548
Kill_3151,-22.085321,29.114059
Kill_3152,-22.098779,29.128836
Kill_3153,-22.101413,29.103067
Kill_3154,-22.100263,29.062894
Kill_3155,-22.067321,29.051985
Kill_3156,-22.077236,29.033836
Kill_3157,-22.082922,29.092765
Kill_3158,-22.076553,29.074431
Kill_3159,-22.044722,29.064349
Kill_3160,-22.102813,29.061372
Kill_3161,-22.085865,29.02284
Kill_3162,-22.072859,29.039796
Kill_3163,-22.076327,29.039267
Kill_3164,-22.070525,29.038835
Kill_3165,-22.071899,29.068749
Kill_3166,-22.08635,29.062571
Kill_3167,-22.090436,29.018166
Kill_3168,-22.087491,29.088802
Kill_3169,-22.081613,29.064875
Kill_3170,-22.074885,29.071692
Kill_3171,-22.093394,29.012806
Kill_3172,-22.06632,29.062064
Kill_3173,-22.064423,29.112068
Kill_3174,-22.071712,29.098857
Kill_3175,-22.093786,29.092193
Kill_3176,-22.068925,29.093428
Kill_3177,-22.075157,29.108228
Kill_3178,-22.060032,29.044711
Kill_3179,-22.096472,29.08473
Kill_3180,-22.08544,29.114108
Kill_3181,-22.089115,29.086051
Kill_3182,-22.080208,29.104325
Kill_3183,-22.055129,29.088273
Kill_3184,-22.085476,29.089865
Kill_3185,-22.11134,29.06193
Kill_3186,-22.103053,29.120373
Kill_3187,-22.101608,29.070998
Kill_3188,-22.10145,29.06982
Kill_3189,-22.101305,29.069828
Kill_3190,-22.078971,29.137684
Kill_3191,-22.088693,29.082431
Kill_3192,-22.09338,29.052124
Kill_3193,-22.09325,29.052448
Kill_3194,-22.051952,29.123576
Kill_3195,-22.069926,29.119889
Kill_3196,-22.088401,29.16222
Kill_3197,-22.0637,29.134006
Kill_3198,-22.099114,29.128995
Kill_3199,-22.096223,29.083068
Kill_3200,-22.106293,29.108327
Kill_3201,-22.060473,29.121159
Kill_3202,-22.059447,29.087513
Kill_3203,-22.083091,29.091531
Kill_3204,-22.083762,29.134735
Kill_3205,-22.120465,29.068062
Kill_3206,-22.0768,29.109139
Kill_3207,-22.100754,29.103771
Kill_3208,-22.076364,29.091163
Kill_3209,-22.053319,29.099586
Kill_3210,-22.082758,29.11939
Kill_3211,-22.084185,29.120348
Kill_3212,-22.085295,29.138492
Kill_3213,-22.060549,29.109479
